"world","arm","stochastic","completed_steps","process_resume","optimizer_updates_global","forward_calls_all_ranks","trace_verified","seed","base_commit","script_sha256"
"2","G_to_L","False","4","False","4","16","True","6","7677501b66859284f41545f39a1f00469b20ee4f","9d1a7c6af8db4b43b5db32ed1aecaab2abd9551f8db3daca6cc89176ebfb2c28"
"2","G_to_L","True","4","False","4","16","True","6","7677501b66859284f41545f39a1f00469b20ee4f","9d1a7c6af8db4b43b5db32ed1aecaab2abd9551f8db3daca6cc89176ebfb2c28"
"2","G_to_L","True","2","False","2","8","True","6","7677501b66859284f41545f39a1f00469b20ee4f","9d1a7c6af8db4b43b5db32ed1aecaab2abd9551f8db3daca6cc89176ebfb2c28"
"2","G_to_L","True","4","True","2","8","True","6","7677501b66859284f41545f39a1f00469b20ee4f","9d1a7c6af8db4b43b5db32ed1aecaab2abd9551f8db3daca6cc89176ebfb2c28"
"2","Ghash_to_L","False","4","False","4","16","True","6","7677501b66859284f41545f39a1f00469b20ee4f","9d1a7c6af8db4b43b5db32ed1aecaab2abd9551f8db3daca6cc89176ebfb2c28"
"2","Ghash_to_L","True","4","False","4","16","True","6","7677501b66859284f41545f39a1f00469b20ee4f","9d1a7c6af8db4b43b5db32ed1aecaab2abd9551f8db3daca6cc89176ebfb2c28"
"2","Ghash_to_L","True","2","False","2","8","True","6","7677501b66859284f41545f39a1f00469b20ee4f","9d1a7c6af8db4b43b5db32ed1aecaab2abd9551f8db3daca6cc89176ebfb2c28"
"2","Ghash_to_L","True","4","True","2","8","True","6","7677501b66859284f41545f39a1f00469b20ee4f","9d1a7c6af8db4b43b5db32ed1aecaab2abd9551f8db3daca6cc89176ebfb2c28"
"4","G_to_L","False","4","False","4","32","True","6","7677501b66859284f41545f39a1f00469b20ee4f","9d1a7c6af8db4b43b5db32ed1aecaab2abd9551f8db3daca6cc89176ebfb2c28"
"4","G_to_L","True","4","False","4","32","True","6","7677501b66859284f41545f39a1f00469b20ee4f","9d1a7c6af8db4b43b5db32ed1aecaab2abd9551f8db3daca6cc89176ebfb2c28"
"4","G_to_L","True","2","False","2","16","True","6","7677501b66859284f41545f39a1f00469b20ee4f","9d1a7c6af8db4b43b5db32ed1aecaab2abd9551f8db3daca6cc89176ebfb2c28"
"4","G_to_L","True","4","True","2","16","True","6","7677501b66859284f41545f39a1f00469b20ee4f","9d1a7c6af8db4b43b5db32ed1aecaab2abd9551f8db3daca6cc89176ebfb2c28"
"4","Ghash_to_L","False","4","False","4","32","True","6","7677501b66859284f41545f39a1f00469b20ee4f","9d1a7c6af8db4b43b5db32ed1aecaab2abd9551f8db3daca6cc89176ebfb2c28"
"4","Ghash_to_L","True","4","False","4","32","True","6","7677501b66859284f41545f39a1f00469b20ee4f","9d1a7c6af8db4b43b5db32ed1aecaab2abd9551f8db3daca6cc89176ebfb2c28"
"4","Ghash_to_L","True","2","False","2","16","True","6","7677501b66859284f41545f39a1f00469b20ee4f","9d1a7c6af8db4b43b5db32ed1aecaab2abd9551f8db3daca6cc89176ebfb2c28"
"4","Ghash_to_L","True","4","True","2","16","True","6","7677501b66859284f41545f39a1f00469b20ee4f","9d1a7c6af8db4b43b5db32ed1aecaab2abd9551f8db3daca6cc89176ebfb2c28"
