arm,seed,trajectory,world,start,end,state_sha256,pass
G_to_L,6,full,2,0,4,2ab533dc9c5169139f1edeeb1a808b56de71abd23b6b447b0f5f1d1e8f706007,True
G_to_L,6,prefix2,2,0,2,e4d618385395e7895cef9f210feab020e00c41ea91451709bff4fb7ef2243c3a,True
G_to_L,6,resume2,2,2,4,2ab533dc9c5169139f1edeeb1a808b56de71abd23b6b447b0f5f1d1e8f706007,True
G_to_L,6,prefix3,2,0,3,32ec7900356d6b356021a62f138161e9fc28a0e476354316573b2e5d082f0480,True
G_to_L,6,resume3,2,3,4,2ab533dc9c5169139f1edeeb1a808b56de71abd23b6b447b0f5f1d1e8f706007,True
Ghash_to_L,6,full,2,0,4,0b94b5843c3125ca5475b7ce3048ed25c10eeaf80ccc94eb213e0bfe4340c77f,True
Ghash_to_L,6,prefix2,2,0,2,6d15a60ef58a54f656430ff50e60bfb5a5fd4b702a9a583d1d5e9f04099fbf98,True
Ghash_to_L,6,resume2,2,2,4,0b94b5843c3125ca5475b7ce3048ed25c10eeaf80ccc94eb213e0bfe4340c77f,True
Ghash_to_L,6,prefix3,2,0,3,71f128d81c4a33e5b8366ff0f7e39bb51453ed25e37e7b5363fe95ebb5a4aad7,True
Ghash_to_L,6,resume3,2,3,4,0b94b5843c3125ca5475b7ce3048ed25c10eeaf80ccc94eb213e0bfe4340c77f,True
