card_id,task,run_id,fold,usable_score_120,sub_exists_120,pred_global,pred_task,pred_code,pred_code_task,pred_code_loto,control_crc32,control_oracle
chaii-hindi-and-tamil-question-answering__4f53d7ec0a9a4cf493e0b830f2ea81f1,chaii-hindi-and-tamil-question-answering,cards_senior_0801.jsonl:18,2,0,0,0.36464088397790057,0.27308602999210735,0.2042415641278259,0.22138936967317596,0.19527163027632666,0.063786258455365896,0
chaii-hindi-and-tamil-question-answering__5d0ed2ed05c0444d9cb5b339be9fdc76,chaii-hindi-and-tamil-question-answering,cards_senior_0801.jsonl:18,2,0,0,0.36464088397790057,0.27308602999210735,0.21407091249298102,0.22621060979021571,0.20123997568012925,0.56111423368565738,0
chaii-hindi-and-tamil-question-answering__b2ad93da8c144c78b743ca04be0b9076,chaii-hindi-and-tamil-question-answering,cards_senior_0801.jsonl:18,2,0,0,0.36464088397790057,0.27308602999210735,0.21361400414643605,0.22591379552913435,0.20044959831377515,0.55075597064569592,0
denoising-dirty-documents__676afd4f1b2048cfa3bb87a9501c0de8,denoising-dirty-documents,cards_senior_0727.jsonl:16,0,0,0,0.37433155080213903,0.12477718360071301,0.24164645530972081,0.11971089468240022,0.33555975160052526,0.58189943269826472,0
denoising-dirty-documents__9122d7821f0d4e59b227733c2554700b,denoising-dirty-documents,cards_senior_0727.jsonl:16,0,0,0,0.37433155080213903,0.12477718360071301,0.24590338257468847,0.1167512542722358,0.32626485655792997,0.32254628278315067,0
google-quest-challenge__3d3145e426b04dc1a112c0832c002be2,google-quest-challenge,cards_senior_0731.jsonl:8,4,0,0,0.37362637362637363,0.37362637362637363,0.2028762072087589,0.22744604111731467,0.23118925131327198,0.65525669534690678,0
google-quest-challenge__9f74747856c543728a41fbad7c6faf26,google-quest-challenge,cards_senior_0731.jsonl:8,4,0,0,0.37362637362637363,0.37362637362637363,0.21390535814719044,0.2340493463330014,0.2389665920314733,0.35660939640365541,0
kuzushiji-recognition__73e99f460e924a9e88321f1949932b3b,kuzushiji-recognition,cards_senior_0804.jsonl:10,1,0,0,0.38043478260869568,0.21135265700483094,0.27778910359500103,0.17243310208846496,0.32560485297852565,0.31752072763629258,0
kuzushiji-recognition__9524d52febcd4295ad84c4af399e1324,kuzushiji-recognition,cards_senior_0804.jsonl:10,1,0,0,0.38043478260869568,0.21135265700483094,0.30867017104880867,0.18586302146434439,0.35608901044376917,0.20590514480136335,0
leaf-classification__60b488f9620146388be7609e453aee44,leaf-classification,cards_senior_0808.jsonl:34,0,1,1,0.37433155080213903,0.37433155080213903,0.47396412273209254,0.3760578426723587,0.45144286744858236,0.12153931311331689,1
leaf-classification__b98b686b95184ee98e13a7e8b7ed4368,leaf-classification,cards_senior_0808.jsonl:34,0,1,1,0.37433155080213903,0.37433155080213903,0.47486064933671007,0.3809778248325168,0.45486728535721532,0.37844538106583059,1
leaf-classification__dd2c3d9b946e4ada942d99bcabfe7d98,leaf-classification,cards_senior_0808.jsonl:34,0,1,1,0.37433155080213903,0.37433155080213903,0.48075063871684304,0.37933374398086939,0.46321991270180962,0.42530649667605758,1
learning-agency-lab-automated-essay-scoring-2__2fd4cc3940ce4d0fb1c213b397104657,learning-agency-lab-automated-essay-scoring-2,cards_senior_0803.jsonl:6,1,0,0,0.38043478260869568,0.42158385093167705,0.34575788461619833,0.42487632716037382,0.30716633446536357,0.73517976771108806,0
learning-agency-lab-automated-essay-scoring-2__ba54479d2a1e448e80aa38d85d4d6470,learning-agency-lab-automated-essay-scoring-2,cards_senior_0803.jsonl:6,1,0,0,0.38043478260869568,0.42158385093167705,0.35841542962537548,0.43774274433837385,0.31954090739692154,0.63981387112289667,0
mlsp-2013-birds__232a055870ca4572b7fc070264a338eb,mlsp-2013-birds,cards_senior_0802.jsonl:4,2,1,1,0.36464088397790057,0.38232044198895027,0.48786556961323135,0.43764489646220917,0.49267149658922221,0.76654340606182814,1
mlsp-2013-birds__3f1b6baa29ee48bfba34b73ebe2933b6,mlsp-2013-birds,cards_senior_0802.jsonl:4,2,0,0,0.36464088397790057,0.38232044198895027,0.45591998064865102,0.41673699128774083,0.45873812495484523,0.52064064773730934,0
mlsp-2013-birds__c9597f7b1aef4ebb8bd655c3ace5bf8a,mlsp-2013-birds,cards_senior_0802.jsonl:4,2,0,0,0.36464088397790057,0.38232044198895027,0.4197718129770352,0.39941337077850136,0.42696612126388711,0.32404550677165389,0
mlsp-2013-birds__d3547e171d7243b1a0e4f77c3c6fe74b,mlsp-2013-birds,cards_senior_0802.jsonl:4,2,1,1,0.36464088397790057,0.38232044198895027,0.46569860869165564,0.42440748469107414,0.47013336442012388,0.69810172752477229,1
nomad2018-predict-transparent-conductors__3abc50e2bddc4454b0ee7b9ec92e1263,nomad2018-predict-transparent-conductors,cards_senior_0805seq.jsonl:19,2,1,1,0.36464088397790057,0.42480049109883367,0.4098174057394629,0.45069114185281789,0.38273826431045049,0.62101071351207793,1
nomad2018-predict-transparent-conductors__7a0ce85adaff49c49dae9357b9347dc6,nomad2018-predict-transparent-conductors,cards_senior_0805seq.jsonl:19,2,1,1,0.36464088397790057,0.42480049109883367,0.39515101323028073,0.44312043234816167,0.36638563843984867,0.71610125573351979,1
petfinder-pawpularity-score__9251a8fa822f4d5fbeee6609ff544d84,petfinder-pawpularity-score,cards_senior_0730.jsonl:4,3,1,1,0.37634408602150538,0.32019115890083633,0.28683532214795027,0.2460700020075168,0.32702995611028618,0.54680502810515463,1
petfinder-pawpularity-score__e4b073d8ebc042b1831c55c6438b9e6a,petfinder-pawpularity-score,cards_senior_0730.jsonl:4,3,1,1,0.37634408602150538,0.32019115890083633,0.38770392641156493,0.3044358465859931,0.5092571731597294,0.39362339582294226,1
random-acts-of-pizza__02ab01e7d3624270a317cd6c9c52af77,random-acts-of-pizza,cards_gen2C.jsonl:2,1,1,1,0.38043478260869568,0.79347826086956519,0.47020541547573852,0.75533818556713006,0.2139869263918725,0.94021095847710967,1
random-acts-of-pizza__a672b879e7f9459c9ca2ea299751f4b2,random-acts-of-pizza,cards_gen2C.jsonl:2,1,1,1,0.38043478260869568,0.79347826086956519,0.46400032291163201,0.75313189789481683,0.22147381669245897,0.97757496545091271,1
random-acts-of-pizza__d7e488f0729c41aeb94a7502bff7fc4d,random-acts-of-pizza,cards_gen2C.jsonl:2,1,1,1,0.38043478260869568,0.79347826086956519,0.47362818729606393,0.75720007587818916,0.20919081680602411,0.90546252462081611,1
spooky-author-identification__38648184253c4e7792d7658657da0746,spooky-author-identification,cards_senior_0801.jsonl:6,1,1,1,0.38043478260869568,0.74184782608695654,0.66106395296647358,0.80696366363342809,0.48901417712329437,0.60957422642968595,1
spooky-author-identification__40e09976978641a1a0f8ddc87586731a,spooky-author-identification,cards_senior_0801.jsonl:6,1,1,1,0.38043478260869568,0.74184782608695654,0.67565330500777543,0.81192248235119735,0.52546730914839823,0.66732207080349326,1
spooky-author-identification__414aed3e532a4130bb3ec66bd5efa9ea,spooky-author-identification,cards_senior_0801.jsonl:6,1,1,1,0.38043478260869568,0.74184782608695654,0.67870084964539412,0.81241711929245219,0.5131276560776391,0.37167794490233064,1
tabular-playground-series-dec-2021__72c882b1d87c45b09471af711496de1a,tabular-playground-series-dec-2021,cards_senior_0807.jsonl:22,4,0,0,0.37362637362637363,0.20757020757020758,0.31130074708726635,0.19448611455798215,0.48230531270918076,0.92538140877149999,0
tabular-playground-series-dec-2021__81b08a9c23464eb1a0f7861d6fd90b67,tabular-playground-series-dec-2021,cards_senior_0807.jsonl:22,4,0,0,0.37362637362637363,0.20757020757020758,0.32569295363125222,0.19997937339177965,0.4892866739670213,0.28802316705696285,0
tabular-playground-series-may-2022__2db19efb799e4de5895edb93d85b2566,tabular-playground-series-may-2022,cards_senior_0801.jsonl:29,3,0,0,0.37634408602150538,0.15681003584229392,0.34214241571284276,0.14164183689297499,0.45186172026314941,0.71407804545015097,0
tabular-playground-series-may-2022__4fdd3e809b0f4a3faf2db69645b93c4b,tabular-playground-series-may-2022,cards_senior_0801.jsonl:29,3,0,0,0.37634408602150538,0.15681003584229392,0.38495826643059977,0.16446119045979588,0.57054370540551613,0.31514993170276284,0
tabular-playground-series-may-2022__79d61fdff64b43d38b5ff3296acc2652,tabular-playground-series-may-2022,cards_senior_0801.jsonl:29,3,0,0,0.37634408602150538,0.15681003584229392,0.36802109221356183,0.14666120155291951,0.51294755492333899,0.4155989158898592,0
tabular-playground-series-may-2022__da119d83b67a44ee9f88a3327245e55e,tabular-playground-series-may-2022,cards_senior_0801.jsonl:29,3,0,0,0.37634408602150538,0.15681003584229392,0.3757978867511434,0.15498362577888034,0.54882632077576865,0.70811211154796183,0
text-normalization-challenge-english-language__29f436da5b0648589fc09c95fd35802c,text-normalization-challenge-english-language,cards_senior_0808.jsonl:22,0,0,0,0.37433155080213903,0.26737967914438504,0.43666831027246855,0.26351633704271504,0.44224637506655379,0.51196262147277594,0
text-normalization-challenge-english-language__a6194a4710b54ff192d573518f37ce94,text-normalization-challenge-english-language,cards_senior_0808.jsonl:22,0,0,0,0.37433155080213903,0.26737967914438504,0.41690592285525807,0.25681260871073347,0.42267099834815658,0.94776960206218064,0
text-normalization-challenge-russian-language__17aee59d02c4456da6f4c9f0a012608e,text-normalization-challenge-russian-language,cards_senior_0809.jsonl:23,0,0,0,0.37433155080213903,0.37433155080213903,0.35672531938594393,0.31662321623494377,0.25994899148141587,0.27786652068607509,0
text-normalization-challenge-russian-language__ec66f21087014f2f9ef743b6d89534a2,text-normalization-challenge-russian-language,cards_senior_0809.jsonl:23,0,0,0,0.37433155080213903,0.37433155080213903,0.35204677161078812,0.31466006829981052,0.25342809926793614,0.93741579283960164,0
tweet-sentiment-extraction__ba991b0a79ab4c0b891f8b9d0a51596b,tweet-sentiment-extraction,cards_senior_0808.jsonl:31,2,0,0,0.36464088397790057,0.16574585635359115,0.26688834486527768,0.15730438686358036,0.26294386274447129,0.30225452850572765,0
tweet-sentiment-extraction__ebc3354908f34e22a46f39eedfe14ff7,tweet-sentiment-extraction,cards_senior_0808.jsonl:31,2,0,0,0.36464088397790057,0.16574585635359115,0.25767620144938341,0.15161643234011504,0.25964848071878321,0.15317980595864356,0
us-patent-phrase-to-phrase-matching__4d490c1fd354424590af4de01f88d37e,us-patent-phrase-to-phrase-matching,cards_senior_0809.jsonl:3,3,0,0,0.37634408602150538,0.12544802867383514,0.43863092541839938,0.18777625398047951,0.56020065585991285,0.9348001885227859,0
us-patent-phrase-to-phrase-matching__de37da6839394cd6b7b11d20cb6c5fa0,us-patent-phrase-to-phrase-matching,cards_senior_0809.jsonl:3,3,0,0,0.37634408602150538,0.12544802867383514,0.43409790223119787,0.18350782208305538,0.54322566301148068,0.47513852757401764,0
whale-categorization-playground__42946e2d791e42b7950c54b9f578160a,whale-categorization-playground,cards_senior_0808.jsonl:4,3,0,0,0.37634408602150538,0.37634408602150538,0.31683797110752587,0.29769468448144354,0.30840769159747972,0.53538247593678534,0
whale-categorization-playground__75cc6d17e1474aa4a703511062f10870,whale-categorization-playground,cards_senior_0808.jsonl:4,3,1,1,0.37634408602150538,0.37634408602150538,0.31096161283062879,0.29369257641732327,0.30354205148087554,0.94750016299076378,1
chaii-hindi-and-tamil-question-answering__bc2b2933e9a344838ef44954e87a5a79,chaii-hindi-and-tamil-question-answering,cards_senior_0801.jsonl:18,2,0,0,0.36464088397790057,0.27308602999210735,0.19793184809340458,0.21323426821450769,0.19598134197771366,0.70555012999102473,0
chaii-hindi-and-tamil-question-answering__e52f191218764c6286271c5d08770f64,chaii-hindi-and-tamil-question-answering,cards_senior_0801.jsonl:18,2,0,0,0.36464088397790057,0.27308602999210735,0.20689152945197653,0.21802348671719979,0.20628838144122408,0.0033757751807570457,0
chaii-hindi-and-tamil-question-answering__fe380beafe764af0bccfea134d0032b5,chaii-hindi-and-tamil-question-answering,cards_senior_0801.jsonl:18,2,0,0,0.36464088397790057,0.27308602999210735,0.18291313060264167,0.20267359149442218,0.18634273297493076,0.55651313927955925,0
denoising-dirty-documents__3ad8b9e4925d4292bdca3ed8183feb67,denoising-dirty-documents,cards_senior_0731.jsonl:13,4,0,0,0.37362637362637363,0.16983016983016982,0.2686031630563317,0.14921157060911797,0.32624084736407105,0.59408055688254535,0
denoising-dirty-documents__b866c25ad23841308fad35ae81f27a90,denoising-dirty-documents,cards_senior_0731.jsonl:13,4,0,0,0.37362637362637363,0.16983016983016982,0.27531868390993136,0.15064321838237132,0.33144145958938426,0.99091939628124237,0
google-quest-challenge__0f314d3d03ab4226be148679544edf63,google-quest-challenge,cards_senior_0731.jsonl:8,4,0,0,0.37362637362637363,0.37362637362637363,0.18503764810045892,0.21450971178299091,0.21097471777859372,0.18393158656544983,0
google-quest-challenge__43f44abea2d04a8e993bbcf60a6646d7,google-quest-challenge,cards_senior_0731.jsonl:8,4,0,0,0.37362637362637363,0.37362637362637363,0.24254622455378533,0.25727925215142078,0.27165042005499213,0.97377526783384383,0
leaf-classification__0012a07f48b648679734623e5e3acbee,leaf-classification,cards_senior_0808.jsonl:34,0,1,1,0.37433155080213903,0.37433155080213903,0.47436817859473251,0.38226508676776277,0.45855419626649463,0.20020454586483538,1
leaf-classification__156c3f5007194dec993c6183a80af50f,leaf-classification,cards_senior_0808.jsonl:34,0,1,1,0.37433155080213903,0.37433155080213903,0.460790048420475,0.37638823763574669,0.4501895201895344,0.39802392246201634,1
leaf-classification__6a0fb84e84c54521889bbf92076512f0,leaf-classification,cards_senior_0808.jsonl:34,0,1,1,0.37433155080213903,0.37433155080213903,0.49895043908642372,0.39187304687824281,0.48170441619770599,0.43217828241176903,1
learning-agency-lab-automated-essay-scoring-2__507578e20ae54b25bdde6dc425eafa7d,learning-agency-lab-automated-essay-scoring-2,cards_senior_0803.jsonl:3,4,0,0,0.37362637362637363,0.16983016983016982,0.18619868417819604,0.11334071249786283,0.205883066355974,0.068495793966576457,0
learning-agency-lab-automated-essay-scoring-2__5ea8aa0cafac46408fa42d1c3e30d058,learning-agency-lab-automated-essay-scoring-2,cards_senior_0803.jsonl:3,4,1,1,0.37362637362637363,0.16983016983016982,0.22165291306950302,0.12580206272306282,0.24881068946665083,0.27239483618177474,1
learning-agency-lab-automated-essay-scoring-2__e98c27a1655f4bbda2fc621ba07c232c,learning-agency-lab-automated-essay-scoring-2,cards_senior_0803.jsonl:3,4,1,1,0.37362637362637363,0.16983016983016982,0.1898112059485422,0.11184767623311999,0.22600745837784159,0.23574645793996751,1
mlsp-2013-birds__14b366b28c65451f963287bb1c29baaf,mlsp-2013-birds,cards_senior_0802.jsonl:4,2,1,1,0.36464088397790057,0.38232044198895027,0.43986901914865101,0.40744039918165292,0.45467373528877225,0.18195183970965445,1
mlsp-2013-birds__71bf705af9984d7b8bf7216cee3e9106,mlsp-2013-birds,cards_senior_0802.jsonl:4,2,1,1,0.36464088397790057,0.38232044198895027,0.46612189518820923,0.42787008853073066,0.47850672014356282,0.57887021498754621,1
nomad2018-predict-transparent-conductors__5598d009668c49b6a7c0fb26075bb5e5,nomad2018-predict-transparent-conductors,cards_senior_0805seq.jsonl:19,2,1,1,0.36464088397790057,0.42480049109883367,0.39750132532267729,0.45009010623767481,0.37026031106110374,0.1729139678645879,1
nomad2018-predict-transparent-conductors__71f9051c0d944fdfb6aafbbd874504df,nomad2018-predict-transparent-conductors,cards_senior_0805seq.jsonl:19,2,1,1,0.36464088397790057,0.42480049109883367,0.42987450168839791,0.46406106778999323,0.40945719937674868,0.96368303545750678,1
spooky-author-identification__789703b0e1c348e695596428d21fac38,spooky-author-identification,cards_senior_0801.jsonl:4,4,1,1,0.37362637362637363,0.77629513343799061,0.55468230799539486,0.78378984969839116,0.43630025821008178,0.35912474081851542,1
spooky-author-identification__b9c86b77ce174df0a2164cb7cf2685af,spooky-author-identification,cards_senior_0801.jsonl:4,4,1,1,0.37362637362637363,0.77629513343799061,0.59841966008913117,0.80720293603485338,0.47953654687024866,0.34077171632088721,1
tabular-playground-series-dec-2021__8b54ad5da3684393a8a2caceb614ee34,tabular-playground-series-dec-2021,cards_senior_0807.jsonl:23,1,0,0,0.38043478260869568,0.27173913043478265,0.39867286268949453,0.26869586505871129,0.48997598966791178,0.24216493405401707,0
tabular-playground-series-dec-2021__dd7529c2a690472ba81bdc67d9f30382,tabular-playground-series-dec-2021,cards_senior_0807.jsonl:23,1,0,0,0.38043478260869568,0.27173913043478265,0.39943446854887654,0.26930417084149799,0.48133151657895074,0.81750119454227388,0
tabular-playground-series-may-2022__0ec47cd5c46844e2aadf12bf694b6d69,tabular-playground-series-may-2022,cards_ours_20260727.jsonl:133,0,0,0,0.37433155080213903,0.089126559714795009,0.27517547437204104,0.10188438868389979,0.59253348604437484,0.89107407489791512,0
tabular-playground-series-may-2022__c8c1855386084a54a8ebe192e60a7f4d,tabular-playground-series-may-2022,cards_ours_20260727.jsonl:133,0,0,0,0.37433155080213903,0.089126559714795009,0.28006916097351803,0.10005290995854246,0.57716884519604117,0.40046757343225181,0
text-normalization-challenge-english-language__0ed7f9763c4c4e3eb123445278690dae,text-normalization-challenge-english-language,cards_senior_0808.jsonl:22,0,0,0,0.37433155080213903,0.26737967914438504,0.41868645538847388,0.25648734723708072,0.41132946483473209,0.43181997886858881,0
text-normalization-challenge-english-language__c317471eb4c549a7b736a7104a543b79,text-normalization-challenge-english-language,cards_senior_0808.jsonl:22,0,0,0,0.37433155080213903,0.26737967914438504,0.37192574150517826,0.23330616824024694,0.36188336847337399,0.48997712670825422,0
text-normalization-challenge-russian-language__12df4ee4a31c43728bf318e397db833e,text-normalization-challenge-russian-language,cards_senior_0809.jsonl:23,0,0,0,0.37433155080213903,0.37433155080213903,0.36907199406382779,0.3231163659449055,0.26269529710373613,0.67630897066555917,0
text-normalization-challenge-russian-language__c31cc5384e6f4f609ece877427c14945,text-normalization-challenge-russian-language,cards_senior_0809.jsonl:23,0,0,0,0.37433155080213903,0.37433155080213903,0.36917593671822468,0.32277077603737703,0.25704571469668563,0.074039083207026124,0
tweet-sentiment-extraction__46adc5e68d6b40dbb11b144b2641767b,tweet-sentiment-extraction,cards_senior_0806.jsonl:24,3,0,0,0.37634408602150538,0.14474772539288669,0.22210009392265762,0.1182375621815497,0.22682672813690707,0.23998695565387607,0
tweet-sentiment-extraction__d680305409224abba779c433973d67ad,tweet-sentiment-extraction,cards_senior_0806.jsonl:24,3,0,0,0.37634408602150538,0.14474772539288669,0.21811598492729628,0.11725750070345306,0.22090247256309153,0.81345509318634868,0
us-patent-phrase-to-phrase-matching__3c22a06bf2df41b8a3919319aec84af6,us-patent-phrase-to-phrase-matching,cards_senior_0809.jsonl:0,1,0,0,0.38043478260869568,0.27173913043478265,0.31005009317114107,0.22666150972121851,0.37005878973449169,0.30633182125166059,0
us-patent-phrase-to-phrase-matching__5a4a8e6b293441ce96f5f0545568af76,us-patent-phrase-to-phrase-matching,cards_senior_0809.jsonl:0,1,0,0,0.38043478260869568,0.27173913043478265,0.32575449995812189,0.23008354408338511,0.37857052790611601,0.0070184327196329832,0
whale-categorization-playground__4357df5db0134f668959aefa0ee73ba6,whale-categorization-playground,cards_senior_0808.jsonl:4,3,1,1,0.37634408602150538,0.37634408602150538,0.35877799164210855,0.31981001923114477,0.35802142792925717,0.77811355609446764,1
whale-categorization-playground__526ebe6d24d44d8f93c8e506236ec587,whale-categorization-playground,cards_senior_0808.jsonl:4,3,1,1,0.37634408602150538,0.37634408602150538,0.39286935884015928,0.34073531294580989,0.3952013272635333,0.34286436811089516,1
chaii-hindi-and-tamil-question-answering__463ad7dc1f7b4afe96a64bcfaba5d002,chaii-hindi-and-tamil-question-answering,cards_ours_20260727.jsonl:173,1,1,1,0.38043478260869568,0.10011441647597255,0.19585050533839238,0.097880966523844926,0.21995015830974479,0.64857016014866531,1
chaii-hindi-and-tamil-question-answering__f51b404ae74e4e72a4517e0733b4e1f6,chaii-hindi-and-tamil-question-answering,cards_ours_20260727.jsonl:173,1,1,1,0.38043478260869568,0.10011441647597255,0.48930285546588198,0.22517357380309819,0.50222850451344847,0.15403845254331827,1
denoising-dirty-documents__6dd95edcab0e45559bb741b08b038a76,denoising-dirty-documents,cards_senior_0731.jsonl:13,4,0,0,0.37362637362637363,0.16983016983016982,0.26905560476686491,0.14945432813591505,0.32733965214594474,0.69490973115898669,0
denoising-dirty-documents__f39ee4ce2db14bc68771c9773ec0a47f,denoising-dirty-documents,cards_senior_0731.jsonl:13,4,0,0,0.37362637362637363,0.16983016983016982,0.24780902197698779,0.14038173228530951,0.30866373899508071,0.22649356187321246,0
google-quest-challenge__9c121e84fa5a451e87b48f608b215dd4,google-quest-challenge,cards_senior_0731.jsonl:8,4,0,0,0.37362637362637363,0.37362637362637363,0.21052267832435434,0.23242796462822135,0.23499264112530169,0.84768798551522195,0
google-quest-challenge__af65cdfcccea47739bbbd7014fb7f5d6,google-quest-challenge,cards_senior_0731.jsonl:8,4,0,0,0.37362637362637363,0.37362637362637363,0.21669912480933165,0.23556156467584211,0.24364298721242014,0.72644507954828441,0
leaf-classification__057eea44bbc44c398d28cb637cf4dc58,leaf-classification,cards_senior_0808.jsonl:34,0,1,1,0.37433155080213903,0.37433155080213903,0.51274350197030294,0.40791687963537526,0.50933074450829297,0.53709961124695837,1
leaf-classification__73e11f5203254134a921f4cb4cf0f43f,leaf-classification,cards_senior_0808.jsonl:34,0,1,1,0.37433155080213903,0.37433155080213903,0.5535870330953605,0.42435927771637882,0.54570312169924973,0.94545601052232087,1
leaf-classification__d7f05a7d1c444f3b83fc5cb5e0070510,leaf-classification,cards_senior_0808.jsonl:34,0,1,1,0.37433155080213903,0.37433155080213903,0.49954694382185966,0.39845778778363661,0.49212737503386583,0.92691191798076034,1
learning-agency-lab-automated-essay-scoring-2__71b7798f122449e7bcd5933fe6c9d375,learning-agency-lab-automated-essay-scoring-2,cards_senior_0803.jsonl:6,1,0,0,0.38043478260869568,0.42158385093167705,0.2353385284897308,0.36041286050646293,0.17053282270877607,0.77461954089812934,0
learning-agency-lab-automated-essay-scoring-2__77aac523f90d4cf5afe2eaa03733a189,learning-agency-lab-automated-essay-scoring-2,cards_senior_0803.jsonl:6,1,0,0,0.38043478260869568,0.42158385093167705,0.47581436464690424,0.51485421040302082,0.51904467541746535,0.93727340246550739,0
mlsp-2013-birds__2d983a9212234554a59cec88a93e6e0b,mlsp-2013-birds,cards_senior_0802.jsonl:4,2,1,1,0.36464088397790057,0.38232044198895027,0.40234389409267507,0.38488477546794214,0.41292419908497885,0.52678255969658494,1
mlsp-2013-birds__908d280fda604c43bb7a5e87420e46c3,mlsp-2013-birds,cards_senior_0802.jsonl:4,2,0,0,0.36464088397790057,0.38232044198895027,0.39932235022354851,0.38267502856897551,0.41170420599703761,0.1123273316770792,0
mlsp-2013-birds__9ccfc1b22cde40db8fc67b8081d0293b,mlsp-2013-birds,cards_senior_0802.jsonl:4,2,0,0,0.36464088397790057,0.38232044198895027,0.4068058553977914,0.38797583260771268,0.41975306104697024,0.55892947060056031,0
mlsp-2013-birds__9d6111ad09d84e7aa563821c26dd77b2,mlsp-2013-birds,cards_senior_0802.jsonl:4,2,0,0,0.36464088397790057,0.38232044198895027,0.38954171477502986,0.37607351748020967,0.4006439711178798,0.50332399900071323,0
mlsp-2013-birds__ed8784a6a4c44472a644dcb7a4360f3b,mlsp-2013-birds,cards_senior_0802.jsonl:4,2,1,1,0.36464088397790057,0.38232044198895027,0.40579338765466388,0.38739442320224304,0.41703683769962618,0.98789858911186457,1
nomad2018-predict-transparent-conductors__02f0dbdfcaa94bba8234b5af0a436362,nomad2018-predict-transparent-conductors,cards_senior_0805seq.jsonl:19,2,0,0,0.36464088397790057,0.42480049109883367,0.36998383124650069,0.42795987793026297,0.34659278629114515,0.21544534433633089,0
nomad2018-predict-transparent-conductors__449d90db5caa4116a92282d7991684a5,nomad2018-predict-transparent-conductors,cards_senior_0805seq.jsonl:19,2,0,0,0.36464088397790057,0.42480049109883367,0.40424238935715567,0.44336307914334239,0.37768208003844167,0.37810005387291312,0
spooky-author-identification__c8e9e4089e9d44598bf956bc4cdf901f,spooky-author-identification,cards_senior_0730.jsonl:5,1,1,1,0.38043478260869568,0.74184782608695654,0.55487578358234213,0.76819428247149302,0.41840203764895612,0.53927474585361779,1
spooky-author-identification__d8350d06746c49189b3700f3ae207569,spooky-author-identification,cards_senior_0730.jsonl:5,1,1,1,0.38043478260869568,0.74184782608695654,0.6381651322425328,0.80941878218795305,0.46302805657545942,0.68056715116836131,1
spooky-author-identification__df8572420c294f869b30c2646e8dbce8,spooky-author-identification,cards_senior_0730.jsonl:5,1,1,1,0.38043478260869568,0.74184782608695654,0.6167171093573629,0.79724631672101531,0.46379187715841974,0.75060681533068419,1
tabular-playground-series-dec-2021__36787b1cf20b412e8716ea12368675bf,tabular-playground-series-dec-2021,cards_senior_0801.jsonl:38,1,0,0,0.38043478260869568,0.27173913043478265,0.37893473784841286,0.27489077044795346,0.43822254564831276,0.65769485011696815,0
tabular-playground-series-dec-2021__dbdf36e610354c398b8b0d89cee8fbd4,tabular-playground-series-dec-2021,cards_senior_0801.jsonl:38,1,0,0,0.38043478260869568,0.27173913043478265,0.36491017234717782,0.27183842979483169,0.43907196705689022,0.64021607208997011,0
tabular-playground-series-may-2022__5b0e8613150c44ae85338d3bcf5a6369,tabular-playground-series-may-2022,cards_senior_0801.jsonl:29,3,0,0,0.37634408602150538,0.15681003584229392,0.36166411360682693,0.14341761833169933,0.47762951260915643,0.26875073276460171,0
tabular-playground-series-may-2022__b8fec3edbb0d4e0d8be0e0b649552878,tabular-playground-series-may-2022,cards_senior_0801.jsonl:29,3,0,0,0.37634408602150538,0.15681003584229392,0.31832731508352108,0.13147518488755694,0.41792783330987177,0.25313617428764701,0
tabular-playground-series-may-2022__c89ea85cc0184427a9225edf4d8503e5,tabular-playground-series-may-2022,cards_senior_0801.jsonl:29,3,0,0,0.37634408602150538,0.15681003584229392,0.31987697904277712,0.1304354578138722,0.41585578183370492,0.40576176973991096,0
tabular-playground-series-may-2022__d75dd58e0bff47e9bd665df475ee1470,tabular-playground-series-may-2022,cards_senior_0801.jsonl:29,3,0,0,0.37634408602150538,0.15681003584229392,0.32072448617487526,0.13141419310811966,0.43000517725802911,0.85805212194100022,0
text-normalization-challenge-english-language__9392f64ff1f84e9284c2dd8a154a7075,text-normalization-challenge-english-language,cards_senior_0808.jsonl:22,0,0,0,0.37433155080213903,0.26737967914438504,0.40125464686511852,0.26049877582264735,0.41730520470970983,0.62016127351671457,0
text-normalization-challenge-english-language__a985c60513e94d3689ab07945cc0bbff,text-normalization-challenge-english-language,cards_senior_0808.jsonl:22,0,0,0,0.37433155080213903,0.26737967914438504,0.4132672359498093,0.26425827386740858,0.42962199318830724,0.81487407302483916,0
text-normalization-challenge-russian-language__2fe66094d42742808d9a58b89318bbe2,text-normalization-challenge-russian-language,cards_senior_0809.jsonl:23,0,0,0,0.37433155080213903,0.37433155080213903,0.3653924876467316,0.31946764201597116,0.2648380847565317,0.24837680836208165,0
text-normalization-challenge-russian-language__bb14510d97f9431b9d38af8c0c6ec464,text-normalization-challenge-russian-language,cards_senior_0809.jsonl:23,0,0,0,0.37433155080213903,0.37433155080213903,0.36402114864303936,0.3187827257220171,0.26327887947367934,0.71109297126531601,0
tweet-sentiment-extraction__2dd226e419444bda9332f9335227453b,tweet-sentiment-extraction,cards_senior_0806.jsonl:24,3,0,0,0.37634408602150538,0.14474772539288669,0.22014511339691037,0.11737892232602444,0.22416288093506714,0.65408313670195639,0
tweet-sentiment-extraction__682d524e66a341aeaea1f6bfc8e79e3f,tweet-sentiment-extraction,cards_senior_0806.jsonl:24,3,0,0,0.37634408602150538,0.14474772539288669,0.22857068707743924,0.12108353514540066,0.23092250818849377,0.075732036493718624,0
us-patent-phrase-to-phrase-matching__8a679e73b8e347bab4c5736235428580,us-patent-phrase-to-phrase-matching,cards_senior_0809.jsonl:0,1,0,0,0.38043478260869568,0.27173913043478265,0.30831333244993636,0.21409139159068352,0.36013806375684143,0.058702213689684868,0
us-patent-phrase-to-phrase-matching__e6c01b00731d4e28a6061eb7473253d0,us-patent-phrase-to-phrase-matching,cards_senior_0809.jsonl:0,1,0,0,0.38043478260869568,0.27173913043478265,0.30912267127165172,0.21604344135663747,0.36025936948501724,0.56676384620368481,0
whale-categorization-playground__1993f9bcf0ee4bfeaaea9a7034c8e08e,whale-categorization-playground,cards_senior_0808.jsonl:4,3,1,1,0.37634408602150538,0.37634408602150538,0.30915168272915933,0.287871947799133,0.30196887865388145,0.50617368379607797,1
whale-categorization-playground__810bfcc7bb3a44d396a6056bb651d30f,whale-categorization-playground,cards_senior_0808.jsonl:4,3,1,1,0.37634408602150538,0.37634408602150538,0.34432180911059423,0.31211320124354486,0.33889471443672925,0.81621062196791172,1
denoising-dirty-documents__5549e4182535479794bbe510d212e280,denoising-dirty-documents,cards_senior_0731.jsonl:13,4,0,0,0.37362637362637363,0.16983016983016982,0.21397480300383465,0.13243876318792452,0.28886529878960665,0.096447762567549944,0
denoising-dirty-documents__9ae54f31fa5043d6bf6288f9b2b031c2,denoising-dirty-documents,cards_senior_0731.jsonl:13,4,0,0,0.37362637362637363,0.16983016983016982,0.23011120397661947,0.13635446941933621,0.30135191776826586,0.52043731231242418,0
google-quest-challenge__5e9ca53a965341de95e27ea6a40732c6,google-quest-challenge,cards_senior_0731.jsonl:8,4,0,0,0.37362637362637363,0.37362637362637363,0.22010064311391028,0.23678873614136692,0.24470190520921239,0.4689374752342701,0
google-quest-challenge__d47652578a9f4b8e896dcf77a27f1573,google-quest-challenge,cards_senior_0731.jsonl:8,4,0,0,0.37362637362637363,0.37362637362637363,0.21299793121602617,0.2337304555122236,0.23853250831845008,0.34891039063222706,0
chaii-hindi-and-tamil-question-answering__809857640568405e918117ea19d34793,chaii-hindi-and-tamil-question-answering,cards_senior_0728.jsonl:13,1,0,0,0.38043478260869568,0.10011441647597255,0.21196912213470157,0.10335199226697037,0.21922613071673863,0.46644676639698446,0
chaii-hindi-and-tamil-question-answering__9084669573164ec5b9a1dccb93b34a76,chaii-hindi-and-tamil-question-answering,cards_senior_0728.jsonl:13,1,0,0,0.38043478260869568,0.10011441647597255,0.21443884646503786,0.10527818585052753,0.21862764365399931,0.46284748869948089,0
denoising-dirty-documents__2777b9434e904072953a89a92373797d,denoising-dirty-documents,cards_senior_0727.jsonl:11,4,0,0,0.37362637362637363,0.16983016983016982,0.21763697139120328,0.13400950933664316,0.300179641854456,0.53642756305634975,0
denoising-dirty-documents__63efdaf0641947afad86fb6012c1752d,denoising-dirty-documents,cards_senior_0727.jsonl:11,4,0,0,0.37362637362637363,0.16983016983016982,0.21880877768000712,0.13537121779724431,0.30866328931170828,0.90197374601848423,0
google-quest-challenge__cfdb38bd32284dd1b14ffe5f63059aa2,google-quest-challenge,cards_senior_0806.jsonl:8,4,0,0,0.37362637362637363,0.37362637362637363,0.20645866811332714,0.25207426508103276,0.22679946317091088,0.40988150727935135,0
google-quest-challenge__e056f23b7e7345cc99b98ec98dbc0224,google-quest-challenge,cards_senior_0806.jsonl:8,4,0,0,0.37362637362637363,0.37362637362637363,0.19113446852590599,0.23642451806247974,0.21515847060695803,0.43722659978084266,0
kuzushiji-recognition__182f4cda0713445da9215b141532d19c,kuzushiji-recognition,cards_senior_0806.jsonl:13,0,0,0,0.37433155080213903,0.20796197266785502,0.26842247265502617,0.17007029128092541,0.31672429583202072,0.68488839850760996,0
kuzushiji-recognition__2f8ad4b6f65e4c7b8d9da78aec6a8d9a,kuzushiji-recognition,cards_senior_0806.jsonl:13,0,0,0,0.37433155080213903,0.20796197266785502,0.29072147715992541,0.17841438217130917,0.35036411494851843,0.53967769490554929,0
leaf-classification__991d5e2597c6435aa1d658f2f46639f1,leaf-classification,cards_senior_0808.jsonl:34,0,1,1,0.37433155080213903,0.37433155080213903,0.50963939019866877,0.40844563781363785,0.50157445641464593,0.3457963434047997,1
leaf-classification__ee501d742baa4e5eb3737e1746896c43,leaf-classification,cards_senior_0808.jsonl:34,0,1,1,0.37433155080213903,0.37433155080213903,0.52193334419441662,0.41320429126310998,0.51315959622450491,0.52127936133183539,1
learning-agency-lab-automated-essay-scoring-2__582b2c4449b042abbd35afa7f0161ae7,learning-agency-lab-automated-essay-scoring-2,cards_senior_0808.jsonl:8,3,0,0,0.37634408602150538,0.36760752688172044,0.33079214623333952,0.34701659791231398,0.34171689662756832,0.85464533045887947,0
learning-agency-lab-automated-essay-scoring-2__6e8d2b60f702410b9ce09b32bd3a5b2d,learning-agency-lab-automated-essay-scoring-2,cards_senior_0808.jsonl:8,3,0,0,0.37634408602150538,0.36760752688172044,0.25325413270836894,0.29609809452993885,0.24027034596934976,0.33415877842344344,0
mlsp-2013-birds__83676ff46373471d9a13d595e5dfabd9,mlsp-2013-birds,cards_senior_0728.jsonl:18,4,0,0,0.37362637362637363,0.56514913657770804,0.3832112292337384,0.51692608958288377,0.31145890596731479,0.2215445120818913,0
mlsp-2013-birds__88f03e044884470daa459768f08242d1,mlsp-2013-birds,cards_senior_0728.jsonl:18,4,0,0,0.37362637362637363,0.56514913657770804,0.33295499810468665,0.48924021648643995,0.29488221104182094,0.27807111688889563,0
mlsp-2013-birds__d8afa823f0a64069bb2ff77d64afd36d,mlsp-2013-birds,cards_senior_0728.jsonl:18,4,0,0,0.37362637362637363,0.56514913657770804,0.39683890287384144,0.53343468724624277,0.34857021940944488,0.11307367100380361,0
nomad2018-predict-transparent-conductors__2fa45c41870740aaa5179d06e3daa1f2,nomad2018-predict-transparent-conductors,cards_senior_0805seq.jsonl:19,2,1,1,0.36464088397790057,0.42480049109883367,0.39282913687911991,0.44059302918673504,0.37145657636922891,0.22928428207524121,1
nomad2018-predict-transparent-conductors__ab835174b2654d69bfb2ad1ff8779042,nomad2018-predict-transparent-conductors,cards_senior_0805seq.jsonl:19,2,1,1,0.36464088397790057,0.42480049109883367,0.38635577562453333,0.43531289852839988,0.36048383328781364,0.89053660305216908,1
petfinder-pawpularity-score__164ee2d978574b42a052ec28a7d88eef,petfinder-pawpularity-score,cards_senior_0730.jsonl:0,2,0,0,0.36464088397790057,0.53591160220994483,0.42358459077455024,0.57518756488951717,0.37820010660231157,0.81682695914059877,0
petfinder-pawpularity-score__2d478cc7a3c244028234f9e7585340c4,petfinder-pawpularity-score,cards_senior_0730.jsonl:0,2,1,1,0.36464088397790057,0.53591160220994483,0.54044199226263934,0.64029146557822103,0.47152726393821426,0.50085831666365266,1
random-acts-of-pizza__0f1e5cd6c6de460abaae7877daf9aa69,random-acts-of-pizza,cards_ours_20260727.jsonl:68,4,1,1,0.37362637362637363,0.75908706677937454,0.65949754064711053,0.83581491525904805,0.43747456418754505,0.70224050711840391,1
random-acts-of-pizza__9ca2d2e324f740ef85c2d32a7380ac6f,random-acts-of-pizza,cards_ours_20260727.jsonl:68,4,1,1,0.37362637362637363,0.75908706677937454,0.65933954319100296,0.83940339000440833,0.45657134581517883,0.63163696019910276,1
random-acts-of-pizza__fa4524bd04a2450e9f937a60d2db3cce,random-acts-of-pizza,cards_ours_20260727.jsonl:68,4,1,1,0.37362637362637363,0.75908706677937454,0.62349820988799998,0.82929316337421055,0.40576169821981983,0.66922293393872678,1
spaceship-titanic__df0e799d4c294c78a20d756c405fee68,spaceship-titanic,cards_ours_20260727.jsonl:3,0,1,1,0.37433155080213903,0.37433155080213903,0.36561267097366895,0.37245913187549096,0.34121002398012007,0.21284109377302229,1
spaceship-titanic__ffc4990563cd4b8e8561b15fd47f1488,spaceship-titanic,cards_ours_20260727.jsonl:3,0,1,1,0.37433155080213903,0.37433155080213903,0.29582274524719238,0.30548004476885354,0.27322020087588039,0.027250167215242982,1
spooky-author-identification__31dc45ab82da453fa070417d3e97b475,spooky-author-identification,cards_t3era_missing.jsonl:14,4,1,1,0.37362637362637363,0.77629513343799061,0.49939538246200177,0.78109835822135854,0.43580625883709595,0.68216641945764422,1
spooky-author-identification__8f9956778f6b4e9ea7b6af0a7f82e4a6,spooky-author-identification,cards_t3era_missing.jsonl:14,4,1,1,0.37362637362637363,0.77629513343799061,0.43472092249151084,0.74704293302020985,0.37732082543421547,0.6256722598336637,1
spooky-author-identification__b1638019d27044b7a3c20ec855526869,spooky-author-identification,cards_t3era_missing.jsonl:14,4,1,1,0.37362637362637363,0.77629513343799061,0.58551868262383466,0.81543009319196835,0.50022090391732976,0.099669000599533319,1
tabular-playground-series-may-2022__3bd55e0164e9413cbeaa16b558f4b9b5,tabular-playground-series-may-2022,cards_ours_20260727.jsonl:116,3,0,0,0.37634408602150538,0.15681003584229392,0.40032778390821061,0.1706214971991466,0.65628254059059565,0.27343757078051567,0
tabular-playground-series-may-2022__54771d7d3c3243cb98c0e06d98a7229e,tabular-playground-series-may-2022,cards_ours_20260727.jsonl:116,3,0,0,0.37634408602150538,0.15681003584229392,0.41236704188305379,0.17600709362772984,0.66162200917306579,0.69865740183740854,0
tabular-playground-series-may-2022__dd85f0501dc3491ab42ffdbb35eed3b8,tabular-playground-series-may-2022,cards_ours_20260727.jsonl:116,3,0,0,0.37634408602150538,0.15681003584229392,0.47031575887149346,0.19277021861461063,0.68138892225991288,0.74027679325081408,0
text-normalization-challenge-english-language__34edc8d8a8ac4541b0a2be857e2e91ba,text-normalization-challenge-english-language,cards_senior_0808.jsonl:23,3,0,0,0.37634408602150538,0.14474772539288669,0.21643659495331333,0.12075295689836088,0.34856955698564773,0.079705045325681567,0
text-normalization-challenge-english-language__99a26b06e08f45699153b0ee7ad77137,text-normalization-challenge-english-language,cards_senior_0808.jsonl:23,3,0,0,0.37634408602150538,0.14474772539288669,0.2091445166852175,0.1175722912759702,0.35397498116369197,0.078217311063781381,0
tweet-sentiment-extraction__8d8df13692c14f7db7597f2cad9346cf,tweet-sentiment-extraction,cards_senior_0808.jsonl:31,2,0,0,0.36464088397790057,0.16574585635359115,0.25458290544791268,0.15012023458644022,0.25025617757663066,0.95431031798943877,0
tweet-sentiment-extraction__e1266dc1dbe04bbfb31bfcee508ffddd,tweet-sentiment-extraction,cards_senior_0808.jsonl:31,2,0,0,0.36464088397790057,0.16574585635359115,0.25331542375976024,0.14957035812421762,0.25064856008371666,0.68116474710404873,0
us-patent-phrase-to-phrase-matching__1c4488edb7d64655b66855bb93bf1e8b,us-patent-phrase-to-phrase-matching,cards_senior_0809.jsonl:0,1,0,0,0.38043478260869568,0.27173913043478265,0.29950590664181409,0.21933438667652133,0.34304241476180941,0.21522154496051371,0
us-patent-phrase-to-phrase-matching__62f7f6d4c93243f8b5cfb6c826567d0e,us-patent-phrase-to-phrase-matching,cards_senior_0809.jsonl:0,1,0,0,0.38043478260869568,0.27173913043478265,0.29945206921882528,0.22010063569762239,0.34252668255219926,0.21747947437688708,0
whale-categorization-playground__1e0523c9f023474d8c2ff0f41e3c9969,whale-categorization-playground,cards_senior_0808.jsonl:4,3,1,1,0.37634408602150538,0.37634408602150538,0.31483273020648589,0.29079074205158295,0.30332604884745684,0.87373076868243515,1
whale-categorization-playground__45dc507077d5444c9dca3ab6d8e46b79,whale-categorization-playground,cards_senior_0808.jsonl:4,3,1,1,0.37634408602150538,0.37634408602150538,0.33215113250571465,0.30328270610694136,0.31981009776510705,0.066130024846643209,1
chaii-hindi-and-tamil-question-answering__9cc47ce945ac482dada73aa89c86ea95,chaii-hindi-and-tamil-question-answering,cards_senior_0801.jsonl:18,2,0,0,0.36464088397790057,0.27308602999210735,0.22356937055018855,0.22844572611991038,0.21362543541945123,0.64705986273474991,0
chaii-hindi-and-tamil-question-answering__a483163f252d42fc98190cbfa2abfacc,chaii-hindi-and-tamil-question-answering,cards_senior_0801.jsonl:18,2,0,0,0.36464088397790057,0.27308602999210735,0.21555722427348217,0.22384482572857975,0.20674008708377786,0.0012055826373398304,0
chaii-hindi-and-tamil-question-answering__adf3351945ce4702bf8966e662ab3dcf,chaii-hindi-and-tamil-question-answering,cards_senior_0801.jsonl:18,2,0,0,0.36464088397790057,0.27308602999210735,0.21171903332899958,0.21882976553993733,0.20417219960335745,0.32053837855346501,0
denoising-dirty-documents__13f0395b31ec47c6a4f8116b12e3ce63,denoising-dirty-documents,cards_senior_0731.jsonl:13,4,0,0,0.37362637362637363,0.16983016983016982,0.24376974356681724,0.14071553105932855,0.30758153111313258,0.86349433567374945,0
denoising-dirty-documents__823936b3bbff49418a2f507faded41af,denoising-dirty-documents,cards_senior_0731.jsonl:13,4,0,0,0.37362637362637363,0.16983016983016982,0.22221452731908597,0.13253135636330232,0.28046452877900535,0.80936547042801976,0
google-quest-challenge__6ba46794dff84b4aa036ddff694451c2,google-quest-challenge,cards_senior_0731.jsonl:8,4,1,1,0.37362637362637363,0.37362637362637363,0.20232216267589712,0.23408199471751978,0.229225832278738,0.68587721767835319,1
google-quest-challenge__d18100348572434fbfa74d3d01008623,google-quest-challenge,cards_senior_0731.jsonl:8,4,0,0,0.37362637362637363,0.37362637362637363,0.19419849252079455,0.22376320735201113,0.21941612748074293,0.14840148901566863,0
kuzushiji-recognition__181e0d660b9d488cbc03cfdf2e2dee1c,kuzushiji-recognition,cards_senior_0806.jsonl:13,0,0,0,0.37433155080213903,0.20796197266785502,0.25604672682006485,0.16513510094881109,0.31618972123397393,0.89254782069474459,0
kuzushiji-recognition__d986962a7a4d47e0ad49cda82797dbe8,kuzushiji-recognition,cards_senior_0806.jsonl:13,0,0,0,0.37433155080213903,0.20796197266785502,0.24225023240941132,0.15841917452215842,0.3012203163678131,0.35286867921240628,0
leaf-classification__04ab1a90eab841ddb77c99d84c5e1463,leaf-classification,cards_senior_0808.jsonl:33,0,0,0,0.37433155080213903,0.37433155080213903,0.56762336977561878,0.44625649625677793,0.56601785292137585,0.70413469732739031,0
leaf-classification__8d613d315033481d990dc9c0af53620a,leaf-classification,cards_senior_0808.jsonl:33,0,1,1,0.37433155080213903,0.37433155080213903,0.61961352366472322,0.47737245899064995,0.6136222899143664,0.80996209080331028,1
learning-agency-lab-automated-essay-scoring-2__50c87d8406ad4f17aa7b023c05d6a44c,learning-agency-lab-automated-essay-scoring-2,cards_senior_0803.jsonl:3,4,1,1,0.37362637362637363,0.16983016983016982,0.18979781602551221,0.10973107872806265,0.22069819902940691,0.64155766367912292,1
learning-agency-lab-automated-essay-scoring-2__ca6e4102a52745a388d5d1e6a5630a60,learning-agency-lab-automated-essay-scoring-2,cards_senior_0803.jsonl:3,4,1,1,0.37362637362637363,0.16983016983016982,0.19164602551692814,0.11310659886388151,0.21652798584563968,0.38229994103312492,1
mlsp-2013-birds__ea104eef9b0c40dbbe70f756d236f0da,mlsp-2013-birds,cards_senior_0726.jsonl:10,3,1,1,0.37634408602150538,0.44916911045943309,0.48208083379246069,0.45591398727561427,0.46413335810047229,0.99927285476587713,1
mlsp-2013-birds__f570cce01e6f4fc591ead51fb7dea6ae,mlsp-2013-birds,cards_senior_0726.jsonl:10,3,1,1,0.37634408602150538,0.44916911045943309,0.4874166193658146,0.46007232911981449,0.4771012480440725,0.38429747242480516,1
nomad2018-predict-transparent-conductors__1da1998ae9de457e96faac89241808e2,nomad2018-predict-transparent-conductors,cards_senior_0805seq.jsonl:17,1,1,1,0.38043478260869568,0.60785953177257523,0.41120929209998297,0.55948465388088175,0.27831741532285303,0.66283950465731323,1
nomad2018-predict-transparent-conductors__ad9ad3eace7b4e40b52a38da1ab9fe2e,nomad2018-predict-transparent-conductors,cards_senior_0805seq.jsonl:17,1,0,0,0.38043478260869568,0.60785953177257523,0.46929472649450893,0.60027061607734722,0.32732192126062137,0.90269545209594071,0
petfinder-pawpularity-score__28777132c16747d88ee33785cdea5ea7,petfinder-pawpularity-score,cards_senior_0730.jsonl:0,2,0,0,0.36464088397790057,0.53591160220994483,0.48870410309040135,0.60926256109794741,0.45617723918256176,0.5539436989929527,0
petfinder-pawpularity-score__3011b9f5b83e4e8f8077628482e6a0bd,petfinder-pawpularity-score,cards_senior_0730.jsonl:0,2,0,0,0.36464088397790057,0.53591160220994483,0.48940104764613668,0.61025903464786935,0.45834000768656485,0.11824342352338135,0
random-acts-of-pizza__0ee1fa402ecb43ae9906ef4aa3e16d1a,random-acts-of-pizza,cards_gen3A.jsonl:3,2,1,1,0.36464088397790057,0.7556311092222695,0.46445253149415888,0.74794520140056053,0.22828437808038551,0.37260255008004606,1
random-acts-of-pizza__3a1402459a144c3cba0f2a91a5b8e721,random-acts-of-pizza,cards_gen3A.jsonl:3,2,1,1,0.36464088397790057,0.7556311092222695,0.56972423944460437,0.79597881787024105,0.33896112283748314,0.23626637668348849,1
random-acts-of-pizza__8c5fe3fc63254b88bc949f6d53a9cb6a,random-acts-of-pizza,cards_gen3A.jsonl:3,2,1,1,0.36464088397790057,0.7556311092222695,0.59976865253994383,0.80690436083428374,0.36072263886521078,0.9321949400473386,1
random-acts-of-pizza__9b9f4f95471a4b89972077ce62bdc1f8,random-acts-of-pizza,cards_gen3A.jsonl:3,2,1,1,0.36464088397790057,0.7556311092222695,0.59065061360930193,0.80323908663228971,0.35226802398894619,0.33052394888363779,1
random-acts-of-pizza__f02f9281781f4290a64b5e40011b4479,random-acts-of-pizza,cards_gen3A.jsonl:3,2,1,1,0.36464088397790057,0.7556311092222695,0.55154061718502201,0.78961161937862989,0.3161252731683748,0.6947174018714577,1
spooky-author-identification__16a678db368a417fbf00950915601fb9,spooky-author-identification,cards_senior_0730.jsonl:5,1,1,1,0.38043478260869568,0.74184782608695654,0.59654382854978683,0.78684433900976514,0.42782953601136425,0.6807093967217952,1
spooky-author-identification__653ba54bf46a4d82a9668d92db356211,spooky-author-identification,cards_senior_0730.jsonl:5,1,1,1,0.38043478260869568,0.74184782608695654,0.6036498623894434,0.78642393602331317,0.44476608080540919,0.65554860536940396,1
spooky-author-identification__900270a860234cc2b3ae8a0505bd105a,spooky-author-identification,cards_senior_0730.jsonl:5,1,1,1,0.38043478260869568,0.74184782608695654,0.57719872177216658,0.77117303412498028,0.42391689363076507,0.70778404455631971,1
tabular-playground-series-may-2022__63bb3182d23844efb65f5c6f635880c0,tabular-playground-series-may-2022,cards_ours_20260727.jsonl:140,1,0,0,0.38043478260869568,0.09057971014492755,0.33452093873578509,0.11728136034877151,0.6187749401784387,0.77070994232781231,0
tabular-playground-series-may-2022__ee7c57076442408ab0cd8deda21efe3d,tabular-playground-series-may-2022,cards_ours_20260727.jsonl:140,1,0,0,0.38043478260869568,0.09057971014492755,0.34213152987168549,0.11662508835184056,0.61383801814701777,0.82442323258146644,0
text-normalization-challenge-english-language__7008d36ab2f34145ad6685619b5dc6f5,text-normalization-challenge-english-language,cards_senior_0808.jsonl:22,0,0,0,0.37433155080213903,0.26737967914438504,0.38543200289545548,0.23924010994418191,0.36134046089329497,0.47176518850028515,0
text-normalization-challenge-english-language__bacc0486e8514bb19fed5da934794b4f,text-normalization-challenge-english-language,cards_senior_0808.jsonl:22,0,0,0,0.37433155080213903,0.26737967914438504,0.41928711039695626,0.254600883502408,0.41685060243615935,0.77422697399742901,0
tweet-sentiment-extraction__ca1e8db2630c463c9f5cec8ec4372e82,tweet-sentiment-extraction,cards_senior_0808.jsonl:31,2,0,0,0.36464088397790057,0.16574585635359115,0.27188759851565569,0.16345055847466922,0.25870320678621356,0.059284579940140247,0
tweet-sentiment-extraction__f6c40c870e6a4745a99c42726964c10f,tweet-sentiment-extraction,cards_senior_0808.jsonl:31,2,0,0,0.36464088397790057,0.16574585635359115,0.27965036849744551,0.16709767682098128,0.26991682752051127,0.10869024181738496,0
us-patent-phrase-to-phrase-matching__0094c655584a4efebad270ab7be4a2d1,us-patent-phrase-to-phrase-matching,cards_senior_0809.jsonl:0,1,0,0,0.38043478260869568,0.27173913043478265,0.29732246061707196,0.2190190336426121,0.35402291616191905,0.60315223131328821,0
us-patent-phrase-to-phrase-matching__7a13b994f5a24f8582ee2ac810a6d9df,us-patent-phrase-to-phrase-matching,cards_senior_0809.jsonl:0,1,0,0,0.38043478260869568,0.27173913043478265,0.28539986197916417,0.21252533426034054,0.33614751942665744,0.046820353018119931,0
whale-categorization-playground__1eed9a1d3c2744ffbd658019805310aa,whale-categorization-playground,cards_senior_0808.jsonl:4,3,1,1,0.37634408602150538,0.37634408602150538,0.35936118595132022,0.31445926265455748,0.35317239954772195,0.71011939109303057,1
whale-categorization-playground__4640830dea044d49866b722d18ca4db8,whale-categorization-playground,cards_senior_0808.jsonl:4,3,1,1,0.37634408602150538,0.37634408602150538,0.35888356213032441,0.3182427781646941,0.35507410808806833,0.1097063438501209,1
chaii-hindi-and-tamil-question-answering__4246a977cac14f43b5383deb5a257697,chaii-hindi-and-tamil-question-answering,cards_senior_0801.jsonl:13,3,0,0,0.37634408602150538,0.21565113500597372,0.17254283912308324,0.16015797443207572,0.21166219778688061,0.53604622650891542,0
chaii-hindi-and-tamil-question-answering__57ce82f9247a4cc8b626b575d3f2c979,chaii-hindi-and-tamil-question-answering,cards_senior_0801.jsonl:13,3,0,0,0.37634408602150538,0.21565113500597372,0.17314157386000029,0.16229316005198807,0.20245718854222014,0.76877202838659286,0
chaii-hindi-and-tamil-question-answering__ce99d23bb4de4bd4bfe832f8937daca3,chaii-hindi-and-tamil-question-answering,cards_senior_0801.jsonl:13,3,0,0,0.37634408602150538,0.21565113500597372,0.17847515987915966,0.16342132582338162,0.2129628384452229,0.78483304311521351,0
denoising-dirty-documents__9b6a53da44cf4a7c909704e35cc9a7b0,denoising-dirty-documents,cards_senior_0804.jsonl:24,0,0,0,0.37433155080213903,0.12477718360071301,0.20694932787235198,0.10770384963201221,0.29697041303677874,0.61753223440609872,0
denoising-dirty-documents__d900b645d2f84cf2b3f0f905f2e0f5bc,denoising-dirty-documents,cards_senior_0804.jsonl:24,0,0,0,0.37433155080213903,0.12477718360071301,0.19999864096298919,0.10361220265574995,0.2889730042096379,0.0082193149719387293,0
google-quest-challenge__b0136f10f1e34af1bea8d3b95494444d,google-quest-challenge,cards_senior_0731.jsonl:8,4,0,0,0.37362637362637363,0.37362637362637363,0.24125086122771749,0.26553828396683599,0.28942694332612845,0.62317698425613344,0
google-quest-challenge__c0db78dfced24417a26a9268ac68ca83,google-quest-challenge,cards_senior_0731.jsonl:8,4,1,1,0.37362637362637363,0.37362637362637363,0.22356418961410121,0.24900020012210963,0.26895962043056271,0.45511812367476523,1
kuzushiji-recognition__4dd7be980ff84ddba2cf9058c2885427,kuzushiji-recognition,cards_senior_0804.jsonl:10,1,0,0,0.38043478260869568,0.21135265700483094,0.27987571718804449,0.17567884268189624,0.32983469185071618,0.20539034530520439,0
kuzushiji-recognition__d6f23b0dbc6b4334a0ff06e695764651,kuzushiji-recognition,cards_senior_0804.jsonl:10,1,0,0,0.38043478260869568,0.21135265700483094,0.27694904002916443,0.17372531428946014,0.33838288911782943,0.24995968071743846,0
leaf-classification__494524617b54420f82384eeeca1bb3f8,leaf-classification,cards_senior_0808.jsonl:34,0,1,1,0.37433155080213903,0.37433155080213903,0.50105090058235802,0.40510382545049295,0.49076439854812293,0.74243703321553767,1
leaf-classification__eed56a4de8c846d199c496cea22662c6,leaf-classification,cards_senior_0808.jsonl:34,0,1,1,0.37433155080213903,0.37433155080213903,0.50889908139339179,0.40987822861517431,0.49559626031966997,0.59022501856088638,1
learning-agency-lab-automated-essay-scoring-2__70e2d9903c9a4c9cbeb84d1deb7775c2,learning-agency-lab-automated-essay-scoring-2,cards_senior_0803.jsonl:3,4,0,0,0.37362637362637363,0.16983016983016982,0.17334701577364237,0.10460586289149822,0.18496102593491315,0.18200516933575273,0
learning-agency-lab-automated-essay-scoring-2__ec12b99e12db4b4fa87adb2a6ce1a191,learning-agency-lab-automated-essay-scoring-2,cards_senior_0803.jsonl:3,4,0,0,0.37362637362637363,0.16983016983016982,0.19390726924645191,0.11276887986484267,0.20626926490035008,0.31702930573374033,0
mlsp-2013-birds__3fbdbce65f5d48f6ada1b1d94fe1e6e4,mlsp-2013-birds,cards_senior_0802.jsonl:4,2,0,0,0.36464088397790057,0.38232044198895027,0.43671888711264933,0.40600165917691089,0.45340245189214801,0.95303651108406484,0
mlsp-2013-birds__b058311fdf0247009ea12d70a6ae6e27,mlsp-2013-birds,cards_senior_0802.jsonl:4,2,1,1,0.36464088397790057,0.38232044198895027,0.34925746309782457,0.35504897978099731,0.36363634966793096,0.33708748430944979,1
mlsp-2013-birds__de69913224174ab1ad9e79cb410ca078,mlsp-2013-birds,cards_senior_0802.jsonl:4,2,1,1,0.36464088397790057,0.38232044198895027,0.30673291014167936,0.32979149666760582,0.31634675425200914,0.97370505542494357,1
nomad2018-predict-transparent-conductors__0b445119bd14461e8d644cd7865ce956,nomad2018-predict-transparent-conductors,cards_senior_0805seq.jsonl:17,1,1,1,0.38043478260869568,0.60785953177257523,0.45828658095789226,0.5971813626053365,0.30867822324359317,0.71361735765822232,1
nomad2018-predict-transparent-conductors__d5916b67aaf1483c872bc47cefc07f85,nomad2018-predict-transparent-conductors,cards_senior_0805seq.jsonl:17,1,0,0,0.38043478260869568,0.60785953177257523,0.41383589891909328,0.56446478336744732,0.29270703102805062,0.13416595617309213,0
petfinder-pawpularity-score__717816b3dcb9490e8c60cf7c0232a6f6,petfinder-pawpularity-score,cards_senior_0806.jsonl:1,3,0,0,0.37634408602150538,0.32019115890083633,0.21267518599013965,0.19780370294757346,0.22813192042131536,0.16187981027178466,0
petfinder-pawpularity-score__947a9114cbd64cb9838e1bbfdc050a06,petfinder-pawpularity-score,cards_senior_0806.jsonl:1,3,1,1,0.37634408602150538,0.32019115890083633,0.32230427421573676,0.26430538461187569,0.36378455251681846,0.30243242508731782,1
random-acts-of-pizza__d49ae6008eca4bd4b3f736f90dc6afac,random-acts-of-pizza,cards_ours_20260727.jsonl:69,4,1,1,0.37362637362637363,0.75908706677937454,0.66766148470530051,0.84104787034366768,0.40584342457859052,0.11075831996276975,1
random-acts-of-pizza__e52f8a668b95496aa04cd6a8d72f6642,random-acts-of-pizza,cards_ours_20260727.jsonl:69,4,1,1,0.37362637362637363,0.75908706677937454,0.68334758561565034,0.84229398712235493,0.42740793341251865,0.78461182513274252,1
spooky-author-identification__67f02ce1c7dd42c1b2aa07655e0eacf0,spooky-author-identification,cards_senior_0801.jsonl:4,4,1,1,0.37362637362637363,0.77629513343799061,0.66790500843931178,0.84380655885521583,0.54889568486548568,0.053258770611137152,1
spooky-author-identification__9212864b27984d118b518b96dc3b2886,spooky-author-identification,cards_senior_0801.jsonl:4,4,1,1,0.37362637362637363,0.77629513343799061,0.57135530481065655,0.80153161971581155,0.43300065061303677,0.6937844508793205,1
tabular-playground-series-may-2022__242786b5b67d461d9e11c4830b75eb8c,tabular-playground-series-may-2022,cards_ours_20260727.jsonl:114,2,0,0,0.36464088397790057,0.091160220994475141,0.33151193282878161,0.12416819589505618,0.63638746901548615,0.59975971304811537,0
tabular-playground-series-may-2022__5e16ecb8fdb1429ca6617f25dc3dffac,tabular-playground-series-may-2022,cards_ours_20260727.jsonl:114,2,0,0,0.36464088397790057,0.091160220994475141,0.31420697732600039,0.1211572307945851,0.61904719102635464,0.9909095955081284,0
tabular-playground-series-may-2022__f7fdb3bb45a9446a892b9658a7649f80,tabular-playground-series-may-2022,cards_ours_20260727.jsonl:114,2,0,0,0.36464088397790057,0.091160220994475141,0.35021133810418681,0.12208835487540794,0.51847205236518601,0.76195534924045205,0
tweet-sentiment-extraction__0a0cc958b101410bb78c7b4aa2e35de7,tweet-sentiment-extraction,cards_ours_20260727.jsonl:78,1,0,0,0.38043478260869568,0.12681159420289856,0.1979070889607577,0.10926401428282376,0.2554811166299828,0.28839794383384287,0
tweet-sentiment-extraction__e81936fc2667464d8c5cb91c12c2dae1,tweet-sentiment-extraction,cards_ours_20260727.jsonl:78,1,0,0,0.38043478260869568,0.12681159420289856,0.1915865957572632,0.10885546874574591,0.25130719322659345,0.29179775901138783,0
us-patent-phrase-to-phrase-matching__377975af886d4537bf3642d36be325b8,us-patent-phrase-to-phrase-matching,cards_senior_0809.jsonl:0,1,0,0,0.38043478260869568,0.27173913043478265,0.30546473425578319,0.21751712584015642,0.35425925901793121,0.06430838443338871,0
us-patent-phrase-to-phrase-matching__48b67d035f0442d0893e85642d0c5c70,us-patent-phrase-to-phrase-matching,cards_senior_0809.jsonl:0,1,0,0,0.38043478260869568,0.27173913043478265,0.30110687773367295,0.21736492521043627,0.35688152747095436,0.6926453725900501,0
whale-categorization-playground__a654a03bb40a4ae68b4f006b23fb7ef6,whale-categorization-playground,cards_senior_0808.jsonl:4,3,1,1,0.37634408602150538,0.37634408602150538,0.35391131959548844,0.32623451527155622,0.37271981991124353,0.66006464441306889,1
whale-categorization-playground__bd9fe2cb573d4bd1bd064db704f7cbba,whale-categorization-playground,cards_senior_0808.jsonl:4,3,1,1,0.37634408602150538,0.37634408602150538,0.37201743396717929,0.33234863872321802,0.38731942918579876,0.98173976154066622,1
chaii-hindi-and-tamil-question-answering__79675e23561e437885211692d32c5024,chaii-hindi-and-tamil-question-answering,cards_senior_0801.jsonl:13,3,0,0,0.37634408602150538,0.21565113500597372,0.16484512754448116,0.15651069806238119,0.1975798708455816,0.091772991698235273,0
chaii-hindi-and-tamil-question-answering__859755a3dccf447cbe49d1ab8a718158,chaii-hindi-and-tamil-question-answering,cards_senior_0801.jsonl:13,3,0,0,0.37634408602150538,0.21565113500597372,0.16447864465208761,0.15866283769851741,0.19871139006049232,0.48853241209872067,0
denoising-dirty-documents__3f15dea796044d05a16fd6e273d740d8,denoising-dirty-documents,cards_senior_0804.jsonl:23,0,0,0,0.37433155080213903,0.12477718360071301,0.18677959978721639,0.096170384522063251,0.26110883354299941,0.4088495799805969,0
denoising-dirty-documents__ec6f4762e28d40baaf94ee6b6664a820,denoising-dirty-documents,cards_senior_0804.jsonl:23,0,0,0,0.37433155080213903,0.12477718360071301,0.18227053972849341,0.094961393203778263,0.26191607666308847,0.12837742827832699,0
