tasks,true_macro_effect,scenario,simulation_seed,trials,positive_screen,both_nonpositive,point_gate,inconclusive,analytic_point_gate,code_commit,GPU_hours,model_fits
6,0.0,independent_training,202609061,250000,0.066036,0.257856,0.07018,0.676108,0.06982469930521469,48f58fe7eff0ea31b1f8764696e25fad5408ff32,0,0
6,0.0,independent_training,202609062,250000,0.06532,0.25696,0.06974,0.67772,0.06982469930521469,48f58fe7eff0ea31b1f8764696e25fad5408ff32,0,0
6,0.0,correlated_measurement,202609061,250000,0.114252,0.331312,0.115844,0.554436,0.11565109402276438,48f58fe7eff0ea31b1f8764696e25fad5408ff32,0,0
6,0.0,correlated_measurement,202609062,250000,0.114068,0.330832,0.115608,0.5551,0.11565109402276438,48f58fe7eff0ea31b1f8764696e25fad5408ff32,0,0
6,0.0,training_instability,202609061,250000,0.172792,0.296816,0.190872,0.530392,0.18946143143463462,48f58fe7eff0ea31b1f8764696e25fad5408ff32,0,0
6,0.0,training_instability,202609062,250000,0.171628,0.294892,0.189472,0.53348,0.18946143143463462,48f58fe7eff0ea31b1f8764696e25fad5408ff32,0,0
6,0.02,independent_training,202609061,250000,0.48294,0.023072,0.500836,0.493988,0.5,48f58fe7eff0ea31b1f8764696e25fad5408ff32,0,0
6,0.02,independent_training,202609062,250000,0.483128,0.023124,0.501392,0.493748,0.5,48f58fe7eff0ea31b1f8764696e25fad5408ff32,0,0
6,0.02,correlated_measurement,202609061,250000,0.495412,0.05724,0.499616,0.447348,0.5,48f58fe7eff0ea31b1f8764696e25fad5408ff32,0,0
6,0.02,correlated_measurement,202609062,250000,0.495624,0.05678,0.499996,0.447596,0.5,48f58fe7eff0ea31b1f8764696e25fad5408ff32,0,0
6,0.02,training_instability,202609061,250000,0.46696,0.087568,0.499524,0.445472,0.5,48f58fe7eff0ea31b1f8764696e25fad5408ff32,0,0
6,0.02,training_instability,202609062,250000,0.468572,0.086392,0.500716,0.445036,0.5,48f58fe7eff0ea31b1f8764696e25fad5408ff32,0,0
6,0.04,independent_training,202609061,250000,0.919712,0.000332,0.929988,0.079956,0.9308961665129871,48f58fe7eff0ea31b1f8764696e25fad5408ff32,0,0
6,0.04,independent_training,202609062,250000,0.920536,0.000344,0.93108,0.07912,0.9308961665129871,48f58fe7eff0ea31b1f8764696e25fad5408ff32,0,0
6,0.04,correlated_measurement,202609061,250000,0.882232,0.003232,0.884816,0.114536,0.8851868754363519,48f58fe7eff0ea31b1f8764696e25fad5408ff32,0,0
6,0.04,correlated_measurement,202609062,250000,0.882356,0.00312,0.885012,0.114524,0.8851868754363519,48f58fe7eff0ea31b1f8764696e25fad5408ff32,0,0
6,0.04,training_instability,202609061,250000,0.782412,0.014864,0.811124,0.202724,0.8110008931636217,48f58fe7eff0ea31b1f8764696e25fad5408ff32,0,0
6,0.04,training_instability,202609062,250000,0.783376,0.01468,0.811988,0.201944,0.8110008931636217,48f58fe7eff0ea31b1f8764696e25fad5408ff32,0,0
15,0.0,independent_training,202609061,250000,0.009768,0.257492,0.009864,0.73274,0.009758740591088874,48f58fe7eff0ea31b1f8764696e25fad5408ff32,0,0
15,0.0,independent_training,202609062,250000,0.00958,0.257956,0.009652,0.732464,0.009758740591088874,48f58fe7eff0ea31b1f8764696e25fad5408ff32,0,0
15,0.0,correlated_measurement,202609061,250000,0.033168,0.324016,0.033192,0.642816,0.033467185504195945,48f58fe7eff0ea31b1f8764696e25fad5408ff32,0,0
15,0.0,correlated_measurement,202609062,250000,0.033472,0.32152,0.03348,0.645008,0.033467185504195945,48f58fe7eff0ea31b1f8764696e25fad5408ff32,0,0
15,0.0,training_instability,202609061,250000,0.123628,0.276336,0.134584,0.600036,0.1342406620447893,48f58fe7eff0ea31b1f8764696e25fad5408ff32,0,0
15,0.0,training_instability,202609062,250000,0.12408,0.274516,0.135068,0.601404,0.1342406620447893,48f58fe7eff0ea31b1f8764696e25fad5408ff32,0,0
15,0.02,independent_training,202609061,250000,0.497976,0.00256,0.499552,0.499464,0.5,48f58fe7eff0ea31b1f8764696e25fad5408ff32,0,0
15,0.02,independent_training,202609062,250000,0.498092,0.002384,0.499896,0.499524,0.5,48f58fe7eff0ea31b1f8764696e25fad5408ff32,0,0
15,0.02,correlated_measurement,202609061,250000,0.499756,0.013708,0.499952,0.486536,0.5,48f58fe7eff0ea31b1f8764696e25fad5408ff32,0,0
15,0.02,correlated_measurement,202609062,250000,0.501688,0.013472,0.501912,0.48484,0.5,48f58fe7eff0ea31b1f8764696e25fad5408ff32,0,0
15,0.02,training_instability,202609061,250000,0.472044,0.053064,0.4996,0.474892,0.5,48f58fe7eff0ea31b1f8764696e25fad5408ff32,0,0
15,0.02,training_instability,202609062,250000,0.474916,0.052356,0.5022,0.472728,0.5,48f58fe7eff0ea31b1f8764696e25fad5408ff32,0,0
15,0.04,independent_training,202609061,250000,0.990264,0.0,0.990504,0.009736,0.9904618389491108,48f58fe7eff0ea31b1f8764696e25fad5408ff32,0,0
15,0.04,independent_training,202609062,250000,0.990036,0.0,0.99026,0.009964,0.9904618389491108,48f58fe7eff0ea31b1f8764696e25fad5408ff32,0,0
15,0.04,correlated_measurement,202609061,250000,0.967292,2.4e-05,0.967336,0.032684,0.9669905514778037,48f58fe7eff0ea31b1f8764696e25fad5408ff32,0,0
15,0.04,correlated_measurement,202609062,250000,0.967124,2.4e-05,0.967176,0.032852,0.9669905514778037,48f58fe7eff0ea31b1f8764696e25fad5408ff32,0,0
15,0.04,training_instability,202609061,250000,0.844588,0.003692,0.866612,0.15172,0.8660527112269303,48f58fe7eff0ea31b1f8764696e25fad5408ff32,0,0
15,0.04,training_instability,202609062,250000,0.844768,0.003748,0.866992,0.151484,0.8660527112269303,48f58fe7eff0ea31b1f8764696e25fad5408ff32,0,0
28,0.0,independent_training,202609061,250000,0.000756,0.257092,0.000756,0.742152,0.0007091612773026165,48f58fe7eff0ea31b1f8764696e25fad5408ff32,0,0
28,0.0,independent_training,202609062,250000,0.000652,0.256328,0.000652,0.74302,0.0007091612773026165,48f58fe7eff0ea31b1f8764696e25fad5408ff32,0,0
28,0.0,correlated_measurement,202609061,250000,0.008016,0.315076,0.008016,0.676908,0.008274468293935636,48f58fe7eff0ea31b1f8764696e25fad5408ff32,0,0
28,0.0,correlated_measurement,202609062,250000,0.00842,0.313652,0.00842,0.677928,0.008274468293935636,48f58fe7eff0ea31b1f8764696e25fad5408ff32,0,0
28,0.0,training_instability,202609061,250000,0.101504,0.267808,0.110484,0.630688,0.11084999688243823,48f58fe7eff0ea31b1f8764696e25fad5408ff32,0,0
28,0.0,training_instability,202609062,250000,0.101952,0.266712,0.110624,0.631336,0.11084999688243823,48f58fe7eff0ea31b1f8764696e25fad5408ff32,0,0
28,0.02,independent_training,202609061,250000,0.500448,0.00018,0.500504,0.499372,0.5,48f58fe7eff0ea31b1f8764696e25fad5408ff32,0,0
28,0.02,independent_training,202609062,250000,0.500876,0.000156,0.500936,0.498968,0.5,48f58fe7eff0ea31b1f8764696e25fad5408ff32,0,0
28,0.02,correlated_measurement,202609061,250000,0.499692,0.002624,0.499728,0.497684,0.5,48f58fe7eff0ea31b1f8764696e25fad5408ff32,0,0
28,0.02,correlated_measurement,202609062,250000,0.499516,0.002664,0.49954,0.49782,0.5,48f58fe7eff0ea31b1f8764696e25fad5408ff32,0,0
28,0.02,training_instability,202609061,250000,0.47344,0.040664,0.499872,0.485896,0.5,48f58fe7eff0ea31b1f8764696e25fad5408ff32,0,0
28,0.02,training_instability,202609062,250000,0.473372,0.040408,0.499176,0.48622,0.5,48f58fe7eff0ea31b1f8764696e25fad5408ff32,0,0
28,0.04,independent_training,202609061,250000,0.999388,0.0,0.999388,0.000612,0.9993189476642079,48f58fe7eff0ea31b1f8764696e25fad5408ff32,0,0
28,0.04,independent_training,202609062,250000,0.9993,0.0,0.999304,0.0007,0.9993189476642079,48f58fe7eff0ea31b1f8764696e25fad5408ff32,0,0
28,0.04,correlated_measurement,202609061,250000,0.9921,0.0,0.992104,0.0079,0.9918913262558255,48f58fe7eff0ea31b1f8764696e25fad5408ff32,0,0
28,0.04,correlated_measurement,202609062,250000,0.99198,0.0,0.99198,0.00802,0.9918913262558255,48f58fe7eff0ea31b1f8764696e25fad5408ff32,0,0
28,0.04,training_instability,202609061,250000,0.869292,0.001852,0.888904,0.128856,0.8893349585030496,48f58fe7eff0ea31b1f8764696e25fad5408ff32,0,0
28,0.04,training_instability,202609062,250000,0.87006,0.001788,0.889732,0.128152,0.8893349585030496,48f58fe7eff0ea31b1f8764696e25fad5408ff32,0,0
