task,fold,gap_bin,gap_interval,supported,sibling_count,candidate_count,sibling_mean_gap,candidate_mean_gap,fixed_frozen_global_sibling_accuracy,fixed_frozen_global_candidate_accuracy,op_only_lr_sibling_accuracy,op_only_lr_candidate_accuracy,static_lr_sibling_accuracy,static_lr_candidate_accuracy,char_tfidf_lr_sibling_accuracy,char_tfidf_lr_candidate_accuracy
aptos2019-blindness-detection,1,2,"[0.0003,0.001)",0,1,0,0.00031,,0.0,,0.5,,1.0,,0.0,
aptos2019-blindness-detection,1,3,"[0.001,0.003)",0,2,0,0.00217,,0.5,,0.5,,0.5,,0.0,
aptos2019-blindness-detection,1,4,"[0.003,0.01)",0,5,0,0.0044139999999999995,,0.8,,0.5,,0.6,,0.6,
aptos2019-blindness-detection,1,5,"[0.01,0.03)",0,7,0,0.01967714285714286,,0.5714285714285714,,0.5,,0.42857142857142855,,0.42857142857142855,
aptos2019-blindness-detection,1,6,"[0.03,0.1)",0,1,0,0.03489,,0.0,,0.5,,1.0,,0.0,
aptos2019-blindness-detection,1,7,"[0.1,0.3)",0,1,0,0.18527,,0.0,,0.5,,0.0,,1.0,
aptos2019-blindness-detection,4,2,"[0.0003,0.001)",0,2,0,0.00066,,0.0,,0.5,,0.5,,0.5,
aptos2019-blindness-detection,4,3,"[0.001,0.003)",0,1,0,0.00163,,1.0,,0.5,,0.0,,1.0,
aptos2019-blindness-detection,4,4,"[0.003,0.01)",0,9,0,0.005503333333333333,,0.2222222222222222,,0.5,,0.6666666666666666,,0.5555555555555556,
aptos2019-blindness-detection,4,5,"[0.01,0.03)",0,4,0,0.011904999999999999,,0.5,,0.5,,0.5,,0.5,
aptos2019-blindness-detection,4,6,"[0.03,0.1)",0,1,0,0.03191,,0.0,,0.5,,1.0,,0.0,
chaii-hindi-and-tamil-question-answering,0,5,"[0.01,0.03)",0,1,0,0.014,,0.0,,0.5,,0.0,,1.0,
chaii-hindi-and-tamil-question-answering,0,7,"[0.1,0.3)",0,3,0,0.17066333333333336,,0.6666666666666666,,0.5,,0.6666666666666666,,0.6666666666666666,
chaii-hindi-and-tamil-question-answering,1,1,"[0.0001,0.0003)",0,1,1,0.00013,0.00029,0.0,1.0,0.5,0.5,0.0,0.0,0.0,0.0
chaii-hindi-and-tamil-question-answering,1,3,"[0.001,0.003)",1,5,26,0.0016139999999999998,0.0019484615384615389,0.4,0.6923076923076923,0.5,0.5,0.6,0.38461538461538464,0.8,0.38461538461538464
chaii-hindi-and-tamil-question-answering,1,4,"[0.003,0.01)",1,15,104,0.006130666666666668,0.00637673076923077,0.5333333333333333,0.5865384615384616,0.5,0.5,0.6,0.46153846153846156,0.5333333333333333,0.5192307692307693
chaii-hindi-and-tamil-question-answering,1,5,"[0.01,0.03)",1,39,284,0.019205128205128208,0.019935140845070424,0.5384615384615384,0.4859154929577465,0.5,0.5,0.48717948717948717,0.4471830985915493,0.4358974358974359,0.46830985915492956
chaii-hindi-and-tamil-question-answering,1,6,"[0.03,0.1)",1,59,524,0.05495915254237288,0.0605614885496183,0.4915254237288136,0.5610687022900763,0.5,0.5,0.6271186440677966,0.3969465648854962,0.5254237288135594,0.4618320610687023
chaii-hindi-and-tamil-question-answering,1,7,"[0.1,0.3)",1,29,1345,0.1541979310344828,0.2034931524163569,0.3793103448275862,0.4765799256505576,0.5,0.5,0.27586206896551724,0.47360594795539035,0.4482758620689655,0.6356877323420075
chaii-hindi-and-tamil-question-answering,1,8,"[0.3,inf)",1,12,4182,0.4101458333333334,0.48641853658536627,0.6666666666666666,0.48589191774270685,0.5,0.5,0.75,0.42706838833094213,0.6666666666666666,0.802725968436155
chaii-hindi-and-tamil-question-answering,2,3,"[0.001,0.003)",1,3,11,0.0012233333333333334,0.0016527272727272725,0.3333333333333333,0.6363636363636364,0.5,0.5,1.0,0.2727272727272727,0.6666666666666666,0.2727272727272727
chaii-hindi-and-tamil-question-answering,2,4,"[0.003,0.01)",1,2,25,0.007105,0.006063199999999999,0.5,0.6,0.5,0.5,0.5,0.4,0.5,0.4
chaii-hindi-and-tamil-question-answering,2,5,"[0.01,0.03)",1,11,89,0.019167272727272724,0.019033370786516856,0.45454545454545453,0.449438202247191,0.5,0.5,0.45454545454545453,0.550561797752809,0.45454545454545453,0.5393258426966292
chaii-hindi-and-tamil-question-answering,2,6,"[0.03,0.1)",1,17,222,0.05738411764705883,0.060447702702702694,0.5294117647058824,0.3153153153153153,0.5,0.5,0.6470588235294118,0.6666666666666666,0.5294117647058824,0.6756756756756757
chaii-hindi-and-tamil-question-answering,2,7,"[0.1,0.3)",1,13,333,0.1715430769230769,0.17912270270270272,0.46153846153846156,0.26126126126126126,0.5,0.5,0.46153846153846156,0.8078078078078078,0.3076923076923077,0.8138138138138138
chaii-hindi-and-tamil-question-answering,2,8,"[0.3,inf)",1,2,118,0.3788,0.4485333050847457,1.0,0.635593220338983,0.5,0.5,0.0,0.9152542372881356,0.5,0.6016949152542372
chaii-hindi-and-tamil-question-answering,3,3,"[0.001,0.003)",1,6,23,0.0018783333333333334,0.0018704347826086955,0.5,0.43478260869565216,0.5,0.5,0.5,0.4782608695652174,0.8333333333333334,0.6086956521739131
chaii-hindi-and-tamil-question-answering,3,4,"[0.003,0.01)",1,27,49,0.006637777777777778,0.0070491836734693876,0.48148148148148145,0.5102040816326531,0.5,0.5,0.5925925925925926,0.6122448979591837,0.6296296296296297,0.40816326530612246
chaii-hindi-and-tamil-question-answering,3,5,"[0.01,0.03)",1,48,163,0.019844375,0.020470858895705525,0.4791666666666667,0.4294478527607362,0.5,0.5,0.625,0.49693251533742333,0.4583333333333333,0.5398773006134969
chaii-hindi-and-tamil-question-answering,3,6,"[0.03,0.1)",1,49,604,0.052197346938775514,0.06532167218543043,0.5102040816326531,0.4966887417218543,0.5,0.5,0.3673469387755102,0.5513245033112583,0.40816326530612246,0.4966887417218543
chaii-hindi-and-tamil-question-answering,3,7,"[0.1,0.3)",1,18,771,0.1997311111111111,0.19619221789883257,0.6111111111111112,0.5499351491569391,0.5,0.5,0.3888888888888889,0.49416342412451364,0.16666666666666666,0.5045395590142672
chaii-hindi-and-tamil-question-answering,3,8,"[0.3,inf)",1,8,4198,0.45459125000000006,0.5275251667460705,0.25,0.642448785135779,0.5,0.5,0.5,0.40805145307289187,0.25,0.2601238685088137
chaii-hindi-and-tamil-question-answering,4,4,"[0.003,0.01)",0,1,0,0.00716,,1.0,,0.5,,1.0,,0.0,
chaii-hindi-and-tamil-question-answering,4,5,"[0.01,0.03)",0,1,0,0.01962,,1.0,,0.5,,1.0,,1.0,
chaii-hindi-and-tamil-question-answering,4,6,"[0.03,0.1)",0,2,0,0.07102,,1.0,,0.5,,1.0,,0.0,
denoising-dirty-documents,0,0,"[0,0.0001)",0,1,0,1e-05,,1.0,,0.5,,1.0,,1.0,
denoising-dirty-documents,0,2,"[0.0003,0.001)",0,1,3,0.00069,0.0006966666666666666,1.0,0.3333333333333333,0.5,0.5,1.0,0.6666666666666666,1.0,0.3333333333333333
denoising-dirty-documents,0,3,"[0.001,0.003)",1,1,7,0.00231,0.0018928571428571427,1.0,0.5714285714285714,0.5,0.5,0.0,0.2857142857142857,0.0,0.14285714285714285
denoising-dirty-documents,0,4,"[0.003,0.01)",1,2,29,0.005265,0.005580344827586209,0.5,0.5862068965517241,0.5,0.5,0.0,0.5862068965517241,0.5,0.20689655172413793
denoising-dirty-documents,0,6,"[0.03,0.1)",1,2,18,0.076445,0.07655944444444444,0.0,0.8333333333333334,0.5,0.5,0.5,0.3888888888888889,1.0,0.3333333333333333
denoising-dirty-documents,1,3,"[0.001,0.003)",1,2,6,0.00258,0.00176,1.0,0.8333333333333334,0.5,0.5,0.5,0.6666666666666666,0.5,0.6666666666666666
denoising-dirty-documents,1,4,"[0.003,0.01)",1,2,7,0.006915,0.006784285714285715,0.0,0.2857142857142857,0.5,0.5,0.5,0.7142857142857143,1.0,0.5714285714285714
denoising-dirty-documents,1,5,"[0.01,0.03)",1,1,7,0.01939,0.018218571428571424,0.0,0.14285714285714285,0.5,0.5,0.0,1.0,0.0,0.5714285714285714
denoising-dirty-documents,2,1,"[0.0001,0.0003)",0,1,1,0.00018,0.0001,1.0,0.0,0.5,0.5,1.0,0.0,1.0,1.0
denoising-dirty-documents,2,2,"[0.0003,0.001)",0,2,1,0.00082,0.00039,0.5,0.0,0.5,0.5,0.5,0.0,0.5,0.0
denoising-dirty-documents,2,3,"[0.001,0.003)",1,3,15,0.0013133333333333332,0.002164,1.0,0.26666666666666666,0.5,0.5,0.3333333333333333,0.5333333333333333,0.3333333333333333,0.4666666666666667
denoising-dirty-documents,2,4,"[0.003,0.01)",1,4,65,0.0075,0.006945076923076924,0.5,0.4,0.5,0.5,0.5,0.36923076923076925,0.0,0.5230769230769231
denoising-dirty-documents,2,5,"[0.01,0.03)",1,1,59,0.01336,0.01668762711864407,1.0,0.3389830508474576,0.5,0.5,1.0,0.423728813559322,1.0,0.576271186440678
denoising-dirty-documents,2,6,"[0.03,0.1)",1,4,178,0.0404675,0.06852887640449436,0.5,0.5786516853932584,0.5,0.5,0.5,0.39325842696629215,1.0,0.6741573033707865
denoising-dirty-documents,2,7,"[0.1,0.3)",1,3,109,0.17069666666666664,0.1908795412844036,0.6666666666666666,0.5596330275229358,0.5,0.5,1.0,0.908256880733945,0.0,0.28440366972477066
denoising-dirty-documents,3,0,"[0,0.0001)",1,4,22,3.5000000000000004e-05,4.818181818181819e-05,0.75,0.45454545454545453,0.5,0.5,0.5,0.5454545454545454,1.0,0.45454545454545453
denoising-dirty-documents,3,1,"[0.0001,0.0003)",1,3,35,0.00018,0.00018485714285714289,0.6666666666666666,0.42857142857142855,0.5,0.5,0.3333333333333333,0.7142857142857143,0.0,0.4857142857142857
denoising-dirty-documents,3,2,"[0.0003,0.001)",1,20,103,0.0006165,0.0006727184466019416,0.35,0.4563106796116505,0.5,0.5,0.8,0.5825242718446602,0.55,0.5145631067961165
denoising-dirty-documents,3,3,"[0.001,0.003)",1,37,284,0.00186027027027027,0.0019935915492957736,0.6756756756756757,0.352112676056338,0.5,0.5,0.5135135135135135,0.6302816901408451,0.4864864864864865,0.43661971830985913
denoising-dirty-documents,3,4,"[0.003,0.01)",1,29,604,0.005427241379310344,0.005812781456953638,0.41379310344827586,0.2731788079470199,0.5,0.5,0.4827586206896552,0.640728476821192,0.41379310344827586,0.31788079470198677
denoising-dirty-documents,3,5,"[0.01,0.03)",1,15,272,0.016387333333333334,0.019265698529411762,0.6,0.5772058823529411,0.5,0.5,0.6666666666666666,0.5110294117647058,0.4666666666666667,0.3860294117647059
denoising-dirty-documents,3,6,"[0.03,0.1)",1,23,593,0.0454686956521739,0.050778667790893794,0.4782608695652174,0.5851602023608768,0.5,0.5,0.30434782608695654,0.4418212478920742,0.5652173913043478,0.5311973018549747
denoising-dirty-documents,3,7,"[0.1,0.3)",1,1,227,0.1111,0.12347471365638765,0.0,0.9559471365638766,0.5,0.5,1.0,0.8546255506607929,1.0,0.8986784140969163
denoising-dirty-documents,4,0,"[0,0.0001)",1,3,15,6e-05,5.3333333333333354e-05,0.0,0.2,0.5,0.5,0.6666666666666666,0.4666666666666667,0.6666666666666666,0.4666666666666667
denoising-dirty-documents,4,2,"[0.0003,0.001)",1,2,101,0.000455,0.0006240594059405943,0.5,0.3465346534653465,0.5,0.5,0.5,0.49504950495049505,0.0,0.5148514851485149
denoising-dirty-documents,4,3,"[0.001,0.003)",1,8,262,0.0016550000000000002,0.001975152671755726,0.375,0.2900763358778626,0.5,0.5,0.5,0.5,0.75,0.4312977099236641
denoising-dirty-documents,4,4,"[0.003,0.01)",1,6,516,0.005093333333333333,0.005476220930232556,0.6666666666666666,0.2441860465116279,0.5,0.5,0.6666666666666666,0.4418604651162791,0.5,0.3488372093023256
denoising-dirty-documents,4,5,"[0.01,0.03)",1,5,353,0.017487999999999997,0.01766983002832861,0.6,0.45325779036827196,0.5,0.5,0.2,0.47592067988668557,0.6,0.38243626062322944
denoising-dirty-documents,4,6,"[0.03,0.1)",1,5,199,0.039737999999999996,0.04460618090452263,0.8,0.4723618090452261,0.5,0.5,0.4,0.47738693467336685,1.0,0.8040201005025126
denoising-dirty-documents,4,7,"[0.1,0.3)",1,3,140,0.16550333333333334,0.16339414285714277,0.6666666666666666,0.7357142857142858,0.5,0.5,0.6666666666666666,0.8214285714285714,1.0,0.5357142857142857
dog-breed-identification,0,4,"[0.003,0.01)",1,10,24,0.005878000000000001,0.006143750000000001,0.5,0.5,0.5,0.5,0.5,0.5,0.5,0.4166666666666667
dog-breed-identification,0,5,"[0.01,0.03)",1,13,28,0.017222307692307693,0.019881785714285716,0.46153846153846156,0.5714285714285714,0.5,0.5,0.5384615384615384,0.5714285714285714,0.5384615384615384,0.5714285714285714
dog-breed-identification,0,6,"[0.03,0.1)",1,3,233,0.036526666666666666,0.06171742489270385,0.0,0.4978540772532189,0.5,0.5,0.0,0.592274678111588,0.0,0.6008583690987125
dog-breed-identification,0,7,"[0.1,0.3)",1,6,467,0.17975166666666667,0.2137394218415415,0.5,0.8458244111349036,0.5,0.5,0.3333333333333333,0.4539614561027837,0.6666666666666666,0.48394004282655245
dog-breed-identification,0,8,"[0.3,inf)",1,4,493,0.4103325,0.5755710141987823,0.5,0.7261663286004056,0.5,0.5,0.5,0.7281947261663286,0.25,0.7241379310344828
dog-breed-identification,1,4,"[0.003,0.01)",0,1,0,0.00442,,0.0,,0.5,,0.0,,1.0,
dog-breed-identification,1,5,"[0.01,0.03)",0,2,0,0.01236,,0.5,,0.5,,0.0,,0.0,
dog-breed-identification,1,6,"[0.03,0.1)",0,2,0,0.052175,,0.5,,0.5,,1.0,,0.5,
dog-breed-identification,1,7,"[0.1,0.3)",0,4,0,0.188915,,0.0,,0.5,,0.75,,1.0,
dog-breed-identification,1,8,"[0.3,inf)",1,5,16,1.1201219999999998,2.5476625000000004,0.2,1.0,0.5,0.5,0.4,0.75,0.2,0.6875
dog-breed-identification,3,2,"[0.0003,0.001)",0,2,1,0.000595,0.00042,0.0,0.0,0.5,0.5,0.5,1.0,0.5,1.0
dog-breed-identification,3,4,"[0.003,0.01)",0,1,1,0.00733,0.00691,0.0,1.0,0.5,0.5,1.0,0.0,0.0,0.0
dog-breed-identification,3,6,"[0.03,0.1)",1,3,14,0.04274,0.06506785714285714,0.0,1.0,0.5,0.5,0.0,0.0,0.6666666666666666,0.0
dog-breed-identification,3,7,"[0.1,0.3)",1,2,14,0.18989,0.17401142857142857,0.5,0.2857142857142857,0.5,0.5,1.0,0.7142857142857143,0.0,0.42857142857142855
dog-breed-identification,3,8,"[0.3,inf)",0,1,4,0.33469,0.4354825,1.0,1.0,0.5,0.5,0.0,0.0,0.0,0.0
dog-breed-identification,4,3,"[0.001,0.003)",0,1,1,0.00249,0.00277,0.0,1.0,0.5,0.5,1.0,0.0,1.0,0.0
dog-breed-identification,4,4,"[0.003,0.01)",0,1,2,0.0087,0.0081,0.0,0.5,0.5,0.5,1.0,0.5,1.0,1.0
dog-breed-identification,4,5,"[0.01,0.03)",1,5,8,0.013843999999999999,0.018926250000000002,0.2,0.25,0.5,0.5,0.6,0.75,0.2,0.625
dog-breed-identification,4,6,"[0.03,0.1)",1,2,54,0.045465,0.06874518518518517,0.5,0.42592592592592593,0.5,0.5,0.5,0.6111111111111112,0.5,0.6666666666666666
dog-breed-identification,4,7,"[0.1,0.3)",1,12,103,0.156065,0.18799427184466017,0.5,0.4854368932038835,0.5,0.5,0.5833333333333334,0.34951456310679613,0.5833333333333334,0.7864077669902912
dog-breed-identification,4,8,"[0.3,inf)",1,3,108,1.7209266666666665,1.2036706481481478,0.6666666666666666,0.1388888888888889,0.5,0.5,0.3333333333333333,0.7870370370370371,0.6666666666666666,0.8148148148148148
dogs-vs-cats-redux-kernels-edition,0,3,"[0.001,0.003)",0,1,0,0.00179,,0.0,,0.5,,1.0,,1.0,
dogs-vs-cats-redux-kernels-edition,0,5,"[0.01,0.03)",0,1,0,0.0177,,1.0,,0.5,,0.0,,1.0,
dogs-vs-cats-redux-kernels-edition,2,2,"[0.0003,0.001)",0,1,0,0.00062,,1.0,,0.5,,1.0,,1.0,
dogs-vs-cats-redux-kernels-edition,2,3,"[0.001,0.003)",0,1,0,0.0014,,0.0,,0.5,,0.0,,0.0,
dogs-vs-cats-redux-kernels-edition,2,5,"[0.01,0.03)",0,1,0,0.01036,,0.0,,0.5,,1.0,,1.0,
dogs-vs-cats-redux-kernels-edition,2,6,"[0.03,0.1)",0,1,0,0.03867,,0.0,,0.5,,0.0,,1.0,
dogs-vs-cats-redux-kernels-edition,3,2,"[0.0003,0.001)",0,1,0,0.00036,,0.0,,0.5,,1.0,,1.0,
dogs-vs-cats-redux-kernels-edition,3,3,"[0.001,0.003)",0,1,0,0.00114,,1.0,,0.5,,1.0,,1.0,
dogs-vs-cats-redux-kernels-edition,3,4,"[0.003,0.01)",0,1,0,0.00387,,1.0,,0.5,,1.0,,1.0,
dogs-vs-cats-redux-kernels-edition,3,5,"[0.01,0.03)",0,1,0,0.02391,,1.0,,0.5,,0.0,,1.0,
dogs-vs-cats-redux-kernels-edition,3,6,"[0.03,0.1)",0,1,0,0.05684,,1.0,,0.5,,1.0,,1.0,
google-quest-challenge,0,5,"[0.01,0.03)",1,2,7,0.016435,0.018381428571428573,0.5,0.42857142857142855,0.5,0.5,0.5,0.42857142857142855,0.0,0.2857142857142857
google-quest-challenge,0,6,"[0.03,0.1)",1,3,12,0.047873333333333344,0.07612083333333333,0.6666666666666666,0.8333333333333334,0.5,0.5,0.6666666666666666,0.6666666666666666,0.6666666666666666,0.75
google-quest-challenge,0,7,"[0.1,0.3)",1,2,30,0.218615,0.13489099999999998,0.5,0.7333333333333333,0.5,0.5,0.5,0.5,0.5,0.9
google-quest-challenge,1,3,"[0.001,0.003)",0,1,2,0.0011,0.001565,0.0,0.0,0.5,0.5,0.0,1.0,1.0,1.0
google-quest-challenge,1,4,"[0.003,0.01)",1,2,11,0.006935,0.005644545454545454,0.0,0.6363636363636364,0.5,0.5,1.0,0.36363636363636365,0.5,0.5454545454545454
google-quest-challenge,1,5,"[0.01,0.03)",1,3,24,0.02069333333333333,0.019733333333333335,0.6666666666666666,0.5,0.5,0.5,1.0,0.5,0.6666666666666666,0.5
google-quest-challenge,1,6,"[0.03,0.1)",1,2,45,0.03959,0.059781555555555546,0.0,0.6,0.5,0.5,0.5,0.8444444444444444,1.0,0.4444444444444444
google-quest-challenge,1,7,"[0.1,0.3)",1,1,9,0.18658,0.1617211111111111,1.0,0.0,0.5,0.5,1.0,0.7777777777777778,1.0,1.0
google-quest-challenge,3,4,"[0.003,0.01)",0,3,1,0.00476,0.0049,0.3333333333333333,1.0,0.5,0.5,0.6666666666666666,0.0,0.6666666666666666,1.0
google-quest-challenge,3,5,"[0.01,0.03)",1,3,6,0.01778,0.024480000000000002,0.6666666666666666,0.16666666666666666,0.5,0.5,0.3333333333333333,0.8333333333333334,0.0,1.0
google-quest-challenge,3,6,"[0.03,0.1)",1,1,30,0.03987,0.06147266666666666,0.0,0.2,0.5,0.5,1.0,0.8,0.0,0.23333333333333334
google-quest-challenge,4,3,"[0.001,0.003)",0,1,4,0.00124,0.00261,1.0,0.5,0.5,0.5,1.0,0.25,1.0,0.5
google-quest-challenge,4,4,"[0.003,0.01)",1,7,14,0.005277142857142857,0.007142857142857144,0.2857142857142857,0.2857142857142857,0.5,0.5,0.14285714285714285,0.5714285714285714,0.42857142857142855,0.42857142857142855
google-quest-challenge,4,5,"[0.01,0.03)",1,5,60,0.017222,0.020802500000000005,0.4,0.6333333333333333,0.5,0.5,0.4,0.5,0.6,0.4166666666666667
google-quest-challenge,4,6,"[0.03,0.1)",1,7,307,0.05036,0.06374876221498374,0.14285714285714285,0.8078175895765473,0.5,0.5,0.2857142857142857,0.6742671009771987,0.42857142857142855,0.41368078175895767
google-quest-challenge,4,7,"[0.1,0.3)",1,2,228,0.135385,0.16759342105263159,0.5,0.8728070175438597,0.5,0.5,0.0,0.6096491228070176,0.5,0.45614035087719296
histopathologic-cancer-detection,0,0,"[0,0.0001)",0,1,0,9e-05,,1.0,,0.5,,0.0,,1.0,
histopathologic-cancer-detection,0,1,"[0.0001,0.0003)",0,1,0,0.00021,,1.0,,0.5,,1.0,,1.0,
histopathologic-cancer-detection,0,3,"[0.001,0.003)",0,2,0,0.001645,,0.5,,0.5,,0.5,,0.5,
histopathologic-cancer-detection,0,4,"[0.003,0.01)",0,1,0,0.00313,,0.0,,0.5,,0.0,,1.0,
histopathologic-cancer-detection,1,0,"[0,0.0001)",1,3,20,4e-05,4.700000000000001e-05,0.3333333333333333,0.5,0.5,0.5,0.6666666666666666,0.45,0.3333333333333333,0.6
histopathologic-cancer-detection,1,1,"[0.0001,0.0003)",1,3,35,0.0002,0.00019257142857142856,0.3333333333333333,0.5714285714285714,0.5,0.5,0.3333333333333333,0.5142857142857142,0.6666666666666666,0.45714285714285713
histopathologic-cancer-detection,1,2,"[0.0003,0.001)",1,5,148,0.00048800000000000004,0.0006135810810810811,0.2,0.5,0.5,0.5,0.2,0.5067567567567568,0.6,0.5540540540540541
histopathologic-cancer-detection,1,3,"[0.001,0.003)",1,9,249,0.0014544444444444446,0.0017959437751004035,0.6666666666666666,0.41767068273092367,0.5,0.5,0.4444444444444444,0.46987951807228917,0.5555555555555556,0.4979919678714859
histopathologic-cancer-detection,1,4,"[0.003,0.01)",1,8,453,0.0045625,0.005477704194260484,0.625,0.32891832229580575,0.5,0.5,0.625,0.41280353200883,0.625,0.304635761589404
histopathologic-cancer-detection,1,5,"[0.01,0.03)",1,2,329,0.016145,0.018596990881458986,1.0,0.0790273556231003,0.5,0.5,0.5,0.1945288753799392,1.0,0.08206686930091185
histopathologic-cancer-detection,1,8,"[0.3,inf)",1,1,58,0.49063,0.4874101724137931,1.0,1.0,0.5,0.5,0.0,0.6724137931034483,1.0,0.05172413793103448
histopathologic-cancer-detection,3,0,"[0,0.0001)",0,1,0,3e-05,,0.0,,0.5,,1.0,,1.0,
histopathologic-cancer-detection,3,1,"[0.0001,0.0003)",0,1,0,0.00014,,0.0,,0.5,,1.0,,1.0,
histopathologic-cancer-detection,3,2,"[0.0003,0.001)",0,6,0,0.0004883333333333333,,0.3333333333333333,,0.5,,0.5,,0.6666666666666666,
histopathologic-cancer-detection,3,5,"[0.01,0.03)",0,1,0,0.01327,,0.0,,0.5,,1.0,,0.0,
histopathologic-cancer-detection,3,6,"[0.03,0.1)",0,1,0,0.05544,,0.0,,0.5,,0.0,,1.0,
kuzushiji-recognition,0,3,"[0.001,0.003)",0,1,0,0.00148,,1.0,,0.5,,0.0,,1.0,
kuzushiji-recognition,0,6,"[0.03,0.1)",0,1,0,0.05053,,1.0,,0.5,,1.0,,0.0,
kuzushiji-recognition,2,6,"[0.03,0.1)",0,1,0,0.06179,,1.0,,0.5,,0.0,,0.0,
kuzushiji-recognition,2,7,"[0.1,0.3)",0,1,0,0.17444,,1.0,,0.5,,0.0,,0.0,
kuzushiji-recognition,2,8,"[0.3,inf)",0,2,0,0.358895,,1.0,,0.5,,0.0,,1.0,
kuzushiji-recognition,3,5,"[0.01,0.03)",0,2,0,0.018744999999999998,,0.5,,0.5,,1.0,,0.5,
kuzushiji-recognition,3,7,"[0.1,0.3)",0,1,0,0.11414,,1.0,,0.5,,0.0,,0.0,
leaf-classification,0,1,"[0.0001,0.0003)",1,2,6,0.000235,0.00017666666666666666,0.5,0.5,0.5,0.5,0.5,0.5,0.5,0.5
leaf-classification,0,2,"[0.0003,0.001)",1,3,20,0.0008233333333333334,0.0007214999999999999,0.6666666666666666,0.3,0.5,0.5,0.6666666666666666,0.45,0.6666666666666666,0.4
leaf-classification,0,4,"[0.003,0.01)",1,9,144,0.0066522222222222226,0.006478888888888888,0.5555555555555556,0.4236111111111111,0.5,0.5,0.5555555555555556,0.4791666666666667,0.5555555555555556,0.5347222222222222
leaf-classification,0,5,"[0.01,0.03)",1,38,413,0.01808447368421053,0.020088474576271175,0.47368421052631576,0.4939467312348668,0.5,0.5,0.6052631578947368,0.4648910411622276,0.5263157894736842,0.39709443099273606
leaf-classification,0,6,"[0.03,0.1)",1,25,1049,0.06629320000000001,0.06404340324118217,0.44,0.45757864632983797,0.5,0.5,0.6,0.5710200190657769,0.4,0.5004766444232602
leaf-classification,0,7,"[0.1,0.3)",1,27,1309,0.18628074074074072,0.18172120702826622,0.4444444444444444,0.4950343773873186,0.5,0.5,0.5925925925925926,0.5095492742551566,0.2962962962962963,0.4805194805194805
leaf-classification,0,8,"[0.3,inf)",1,31,5239,2.3816587096774198,2.136043998854746,0.41935483870967744,0.42947127314372974,0.5,0.5,0.5161290322580645,0.3731628173315518,0.6774193548387096,0.6058408093147547
leaf-classification,1,3,"[0.001,0.003)",0,1,1,0.0022,0.00201,1.0,1.0,0.5,0.5,1.0,1.0,1.0,1.0
leaf-classification,1,4,"[0.003,0.01)",1,1,5,0.00685,0.008721999999999999,1.0,0.4,0.5,0.5,1.0,0.2,1.0,0.0
leaf-classification,1,5,"[0.01,0.03)",1,1,13,0.0112,0.021041538461538462,0.0,0.6153846153846154,0.5,0.5,0.0,0.6153846153846154,0.0,0.23076923076923078
leaf-classification,1,6,"[0.03,0.1)",1,5,20,0.043387999999999996,0.06349600000000001,0.4,0.75,0.5,0.5,0.6,0.55,0.4,0.55
leaf-classification,1,7,"[0.1,0.3)",1,8,61,0.21004625,0.19220327868852463,0.375,0.6721311475409836,0.5,0.5,0.5,0.45901639344262296,0.75,0.639344262295082
leaf-classification,1,8,"[0.3,inf)",1,8,58,0.5187562499999999,0.47346517241379327,0.375,0.5862068965517241,0.5,0.5,0.75,0.7413793103448276,0.625,0.7586206896551724
leaf-classification,2,2,"[0.0003,0.001)",0,1,3,0.00044,0.00058,0.0,1.0,0.5,0.5,0.0,1.0,1.0,0.6666666666666666
leaf-classification,2,3,"[0.001,0.003)",1,2,7,0.00195,0.0017657142857142856,0.5,0.2857142857142857,0.5,0.5,0.5,0.5714285714285714,0.5,0.42857142857142855
leaf-classification,2,4,"[0.003,0.01)",1,4,29,0.00634,0.006183103448275861,0.0,0.4827586206896552,0.5,0.5,0.75,0.4482758620689655,0.75,0.27586206896551724
leaf-classification,2,5,"[0.01,0.03)",1,3,84,0.020460000000000002,0.01983940476190477,0.3333333333333333,0.6785714285714286,0.5,0.5,0.3333333333333333,0.6547619047619048,0.6666666666666666,0.5357142857142857
leaf-classification,2,6,"[0.03,0.1)",1,16,199,0.055940624999999994,0.06628658291457289,0.6875,0.6130653266331658,0.5,0.5,0.625,0.6432160804020101,0.5,0.5477386934673367
leaf-classification,2,7,"[0.1,0.3)",1,11,377,0.18341363636363636,0.19580320954907157,0.7272727272727273,0.5543766578249337,0.5,0.5,0.5454545454545454,0.5729442970822282,0.7272727272727273,0.6525198938992043
leaf-classification,2,8,"[0.3,inf)",1,12,441,0.8538616666666666,0.664374195011338,0.5833333333333334,0.6031746031746031,0.5,0.5,0.5833333333333334,0.5782312925170068,0.75,0.5192743764172335
leaf-classification,3,2,"[0.0003,0.001)",0,1,0,0.00059,,1.0,,0.5,,1.0,,0.0,
leaf-classification,3,3,"[0.001,0.003)",0,1,0,0.00166,,0.0,,0.5,,0.0,,0.0,
leaf-classification,3,6,"[0.03,0.1)",0,2,0,0.07930999999999999,,0.5,,0.5,,0.0,,0.0,
leaf-classification,4,2,"[0.0003,0.001)",1,1,16,0.00069,0.0006156250000000001,0.0,0.5,0.5,0.5,0.0,0.5,1.0,0.5625
leaf-classification,4,3,"[0.001,0.003)",1,2,29,0.002325,0.001933448275862069,0.5,0.3793103448275862,0.5,0.5,0.5,0.4827586206896552,0.5,0.4827586206896552
leaf-classification,4,4,"[0.003,0.01)",1,14,131,0.007427142857142856,0.006328015267175573,0.35714285714285715,0.4351145038167939,0.5,0.5,0.5,0.5419847328244275,0.6428571428571429,0.5648854961832062
leaf-classification,4,5,"[0.01,0.03)",1,16,348,0.018665625,0.020496178160919542,0.375,0.4827586206896552,0.5,0.5,0.4375,0.4511494252873563,0.375,0.49137931034482757
leaf-classification,4,6,"[0.03,0.1)",1,29,803,0.05672620689655172,0.06324241594022421,0.4482758620689655,0.5143212951432129,0.5,0.5,0.4482758620689655,0.5628891656288917,0.5517241379310345,0.5853051058530511
leaf-classification,4,7,"[0.1,0.3)",1,18,1247,0.16850333333333334,0.18895482758620702,0.3888888888888889,0.6086607858861267,0.5,0.5,0.7222222222222222,0.6150761828388132,0.4444444444444444,0.5509222133119487
leaf-classification,4,8,"[0.3,inf)",1,61,6167,2.3188416393442615,1.4816210750770216,0.39344262295081966,0.4629479487595265,0.5,0.5,0.45901639344262296,0.38462785795362414,0.4426229508196721,0.4490027566077509
learning-agency-lab-automated-essay-scoring-2,0,3,"[0.001,0.003)",0,2,0,0.00146,,0.5,,0.5,,0.5,,0.0,
learning-agency-lab-automated-essay-scoring-2,0,4,"[0.003,0.01)",0,6,1,0.00528,0.00309,0.16666666666666666,1.0,0.5,0.5,0.5,0.0,1.0,0.0
learning-agency-lab-automated-essay-scoring-2,0,5,"[0.01,0.03)",1,1,11,0.01455,0.01937818181818182,0.0,1.0,0.5,0.5,1.0,1.0,1.0,0.0
learning-agency-lab-automated-essay-scoring-2,0,6,"[0.03,0.1)",1,1,12,0.06945,0.08747083333333333,1.0,1.0,0.5,0.5,1.0,1.0,1.0,0.4166666666666667
learning-agency-lab-automated-essay-scoring-2,1,4,"[0.003,0.01)",0,2,0,0.00648,,0.5,,0.5,,1.0,,1.0,
learning-agency-lab-automated-essay-scoring-2,2,2,"[0.0003,0.001)",0,1,1,0.00065,0.0009,1.0,1.0,0.5,0.5,0.0,0.0,1.0,0.0
learning-agency-lab-automated-essay-scoring-2,2,5,"[0.01,0.03)",0,4,4,0.0171525,0.019764999999999998,0.5,1.0,0.5,0.5,1.0,0.0,1.0,0.0
learning-agency-lab-automated-essay-scoring-2,2,6,"[0.03,0.1)",1,1,7,0.04301,0.03713428571428572,1.0,1.0,0.5,0.5,0.0,0.7142857142857143,0.0,0.2857142857142857
learning-agency-lab-automated-essay-scoring-2,3,3,"[0.001,0.003)",0,2,3,0.00202,0.0012900000000000001,0.0,0.0,0.5,0.5,1.0,0.0,0.0,0.0
learning-agency-lab-automated-essay-scoring-2,3,4,"[0.003,0.01)",0,3,4,0.007406666666666666,0.006189999999999999,0.6666666666666666,1.0,0.5,0.5,0.6666666666666666,1.0,0.3333333333333333,1.0
learning-agency-lab-automated-essay-scoring-2,3,5,"[0.01,0.03)",1,5,25,0.020120000000000002,0.018001200000000005,0.6,0.84,0.5,0.5,0.8,0.92,0.8,0.88
learning-agency-lab-automated-essay-scoring-2,3,6,"[0.03,0.1)",1,2,28,0.058665,0.06271285714285715,0.5,0.9642857142857143,0.5,0.5,0.0,0.8928571428571429,0.0,0.7142857142857143
learning-agency-lab-automated-essay-scoring-2,4,0,"[0,0.0001)",0,2,1,7.500000000000001e-05,6e-05,0.0,0.0,0.5,0.5,0.5,0.0,0.5,0.0
learning-agency-lab-automated-essay-scoring-2,4,3,"[0.001,0.003)",0,4,4,0.00241,0.00222,0.75,0.25,0.5,0.5,0.75,0.25,0.25,0.0
learning-agency-lab-automated-essay-scoring-2,4,4,"[0.003,0.01)",1,5,24,0.006436,0.00693375,0.8,0.4583333333333333,0.5,0.5,0.6,0.375,0.4,0.4166666666666667
learning-agency-lab-automated-essay-scoring-2,4,5,"[0.01,0.03)",1,7,81,0.02045285714285714,0.020111234567901235,0.8571428571428571,0.6790123456790124,0.5,0.5,0.42857142857142855,0.6296296296296297,0.5714285714285714,0.5555555555555556
learning-agency-lab-automated-essay-scoring-2,4,6,"[0.03,0.1)",1,1,52,0.05772,0.05295500000000001,0.0,1.0,0.5,0.5,1.0,0.8846153846153846,1.0,0.6538461538461539
learning-agency-lab-automated-essay-scoring-2,4,8,"[0.3,inf)",1,1,18,1.11771,1.097208888888889,1.0,0.7777777777777778,0.5,0.5,0.0,0.2222222222222222,1.0,0.8888888888888888
mlsp-2013-birds,0,3,"[0.001,0.003)",0,1,1,0.00165,0.00236,0.0,0.0,0.5,0.5,1.0,0.0,1.0,1.0
mlsp-2013-birds,0,4,"[0.003,0.01)",1,2,5,0.007809999999999999,0.007492,0.5,0.6,0.5,0.5,0.0,0.6,0.5,0.4
mlsp-2013-birds,0,5,"[0.01,0.03)",0,3,4,0.024976666666666664,0.0173425,0.6666666666666666,0.75,0.5,0.5,1.0,0.25,0.6666666666666666,1.0
mlsp-2013-birds,0,6,"[0.03,0.1)",1,4,10,0.0678425,0.06180299999999998,0.5,0.8,0.5,0.5,0.5,0.2,0.75,0.5
mlsp-2013-birds,0,7,"[0.1,0.3)",1,5,9,0.179938,0.17043777777777777,0.0,0.4444444444444444,0.5,0.5,0.0,0.1111111111111111,0.0,0.4444444444444444
mlsp-2013-birds,0,8,"[0.3,inf)",1,4,5,0.4413849999999999,0.46261,0.75,0.4,0.5,0.5,1.0,0.2,1.0,0.8
mlsp-2013-birds,1,2,"[0.0003,0.001)",1,1,6,0.00053,0.0006466666666666666,0.0,0.16666666666666666,0.5,0.5,0.0,0.3333333333333333,0.0,0.3333333333333333
mlsp-2013-birds,1,3,"[0.001,0.003)",1,2,10,0.002365,0.0015480000000000001,0.0,0.6,0.5,0.5,1.0,0.4,1.0,0.5
mlsp-2013-birds,1,4,"[0.003,0.01)",1,8,27,0.006670000000000001,0.0062570370370370375,0.375,0.4444444444444444,0.5,0.5,0.25,0.48148148148148145,0.5,0.5555555555555556
mlsp-2013-birds,1,5,"[0.01,0.03)",1,12,89,0.01902833333333333,0.019643258426966303,0.5,0.5617977528089888,0.5,0.5,0.16666666666666666,0.449438202247191,0.5,0.4044943820224719
mlsp-2013-birds,1,6,"[0.03,0.1)",1,8,161,0.04777625,0.062082546583850935,0.5,0.6583850931677019,0.5,0.5,0.625,0.37267080745341613,0.25,0.5279503105590062
mlsp-2013-birds,1,7,"[0.1,0.3)",1,1,106,0.2355,0.20096245283018874,1.0,0.7358490566037735,0.5,0.5,1.0,0.9150943396226415,0.0,0.9056603773584906
mlsp-2013-birds,2,3,"[0.001,0.003)",1,1,48,0.00191,0.0019262500000000002,1.0,0.4583333333333333,0.5,0.5,1.0,0.5833333333333334,0.0,0.6041666666666666
mlsp-2013-birds,2,4,"[0.003,0.01)",1,18,176,0.006385555555555555,0.0064592613636363615,0.4444444444444444,0.4943181818181818,0.5,0.5,0.5555555555555556,0.48295454545454547,0.5,0.48295454545454547
mlsp-2013-birds,2,5,"[0.01,0.03)",1,27,355,0.018077407407407407,0.01920481690140844,0.5185185185185185,0.5521126760563381,0.5,0.5,0.5185185185185185,0.5802816901408451,0.3333333333333333,0.523943661971831
mlsp-2013-birds,2,6,"[0.03,0.1)",1,21,639,0.0601447619047619,0.062388669796557064,0.42857142857142855,0.539906103286385,0.5,0.5,0.38095238095238093,0.5618153364632238,0.38095238095238093,0.5305164319248826
mlsp-2013-birds,2,7,"[0.1,0.3)",1,17,547,0.16047352941176468,0.1641689762340037,0.7058823529411765,0.70018281535649,0.5,0.5,0.7058823529411765,0.5155393053016454,0.35294117647058826,0.44789762340036565
mlsp-2013-birds,2,8,"[0.3,inf)",1,5,92,0.37502800000000003,0.35236054347826085,0.2,0.8260869565217391,0.5,0.5,0.2,0.6086956521739131,0.0,0.31521739130434784
mlsp-2013-birds,3,2,"[0.0003,0.001)",1,1,13,0.00062,0.0006746153846153846,1.0,0.46153846153846156,0.5,0.5,1.0,0.6153846153846154,0.0,0.5384615384615384
mlsp-2013-birds,3,3,"[0.001,0.003)",1,4,26,0.001895,0.001996538461538462,0.5,0.46153846153846156,0.5,0.5,0.5,0.5,0.25,0.5
mlsp-2013-birds,3,4,"[0.003,0.01)",1,9,107,0.006647777777777778,0.0067882242990654216,0.4444444444444444,0.5327102803738317,0.5,0.5,0.6666666666666666,0.5046728971962616,0.4444444444444444,0.5794392523364486
mlsp-2013-birds,3,5,"[0.01,0.03)",1,18,296,0.021611111111111112,0.019869662162162162,0.5,0.5506756756756757,0.5,0.5,0.4444444444444444,0.5236486486486487,0.5,0.5101351351351351
mlsp-2013-birds,3,6,"[0.03,0.1)",1,20,938,0.05834450000000001,0.06165155650319825,0.55,0.6289978678038379,0.5,0.5,0.4,0.6492537313432836,0.5,0.5735607675906184
mlsp-2013-birds,3,7,"[0.1,0.3)",1,12,626,0.1535033333333333,0.16072182108626198,0.5833333333333334,0.7012779552715654,0.5,0.5,0.5,0.7236421725239617,0.3333333333333333,0.5878594249201278
mlsp-2013-birds,3,8,"[0.3,inf)",1,10,207,0.35351199999999994,0.37188,0.5,0.46859903381642515,0.5,0.5,0.3,0.5120772946859904,0.5,0.6376811594202898
mlsp-2013-birds,4,3,"[0.001,0.003)",0,1,1,0.00132,0.00289,1.0,0.0,0.5,0.5,1.0,0.0,1.0,1.0
mlsp-2013-birds,4,4,"[0.003,0.01)",1,6,6,0.0061716666666666664,0.006494999999999998,0.6666666666666666,0.5,0.5,0.5,0.6666666666666666,0.5,0.5,0.3333333333333333
mlsp-2013-birds,4,5,"[0.01,0.03)",1,11,11,0.020251818181818183,0.021291818181818186,0.36363636363636365,0.7272727272727273,0.5,0.5,0.36363636363636365,0.8181818181818182,0.6363636363636364,0.45454545454545453
mlsp-2013-birds,4,6,"[0.03,0.1)",1,18,39,0.05389055555555554,0.06137948717948717,0.5555555555555556,0.46153846153846156,0.5,0.5,0.3888888888888889,0.5897435897435898,0.5555555555555556,0.5641025641025641
mlsp-2013-birds,4,7,"[0.1,0.3)",1,7,6,0.1296714285714286,0.15524333333333332,0.2857142857142857,0.5,0.5,0.5,0.14285714285714285,0.8333333333333334,0.5714285714285714,0.5
nomad2018-predict-transparent-conductors,0,0,"[0,0.0001)",1,1,11,6e-05,5.1818181818181825e-05,0.0,0.6363636363636364,0.5,0.5,1.0,0.45454545454545453,0.0,0.8181818181818182
nomad2018-predict-transparent-conductors,0,1,"[0.0001,0.0003)",1,5,25,0.00018600000000000002,0.000214,0.2,0.32,0.5,0.5,0.8,0.72,0.6,0.72
nomad2018-predict-transparent-conductors,0,2,"[0.0003,0.001)",1,18,104,0.0006477777777777778,0.0006465384615384616,0.6111111111111112,0.5096153846153846,0.5,0.5,0.8333333333333334,0.4807692307692308,0.3333333333333333,0.4326923076923077
nomad2018-predict-transparent-conductors,0,3,"[0.001,0.003)",1,21,267,0.002006190476190476,0.0019638576779026215,0.5238095238095238,0.4794007490636704,0.5,0.5,0.5238095238095238,0.4307116104868914,0.5714285714285714,0.5131086142322098
nomad2018-predict-transparent-conductors,0,4,"[0.003,0.01)",1,19,905,0.005438947368421052,0.006161613259668509,0.47368421052631576,0.585635359116022,0.5,0.5,0.5789473684210527,0.49281767955801103,0.5263157894736842,0.6121546961325967
nomad2018-predict-transparent-conductors,0,5,"[0.01,0.03)",1,5,388,0.011488000000000002,0.013708505154639169,0.2,0.6314432989690721,0.5,0.5,0.2,0.4072164948453608,0.8,0.5644329896907216
nomad2018-predict-transparent-conductors,0,6,"[0.03,0.1)",1,3,113,0.06613000000000001,0.0667198230088496,0.3333333333333333,0.25663716814159293,0.5,0.5,0.0,0.415929203539823,0.0,0.5221238938053098
nomad2018-predict-transparent-conductors,1,0,"[0,0.0001)",0,1,0,1e-05,,0.0,,0.5,,0.0,,0.0,
nomad2018-predict-transparent-conductors,1,1,"[0.0001,0.0003)",0,3,2,0.00019333333333333333,0.000165,0.3333333333333333,1.0,0.5,0.5,0.3333333333333333,1.0,0.3333333333333333,0.5
nomad2018-predict-transparent-conductors,1,2,"[0.0003,0.001)",1,7,10,0.0006442857142857143,0.0006230000000000001,0.42857142857142855,0.3,0.5,0.5,0.14285714285714285,0.6,0.0,0.5
nomad2018-predict-transparent-conductors,1,3,"[0.001,0.003)",1,6,20,0.0021766666666666666,0.0014505,0.5,0.6,0.5,0.5,0.16666666666666666,0.4,0.8333333333333334,0.45
nomad2018-predict-transparent-conductors,1,4,"[0.003,0.01)",1,7,45,0.005124285714285714,0.006830222222222222,0.42857142857142855,0.5555555555555556,0.5,0.5,0.14285714285714285,0.28888888888888886,0.42857142857142855,0.7555555555555555
nomad2018-predict-transparent-conductors,1,6,"[0.03,0.1)",1,1,7,0.07216,0.0831057142857143,1.0,0.42857142857142855,0.5,0.5,0.0,0.0,0.0,0.7142857142857143
nomad2018-predict-transparent-conductors,2,0,"[0,0.0001)",0,1,0,9e-05,,1.0,,0.5,,0.0,,1.0,
nomad2018-predict-transparent-conductors,2,1,"[0.0001,0.0003)",0,1,0,0.0002,,1.0,,0.5,,1.0,,1.0,
nomad2018-predict-transparent-conductors,2,2,"[0.0003,0.001)",0,2,2,0.00047499999999999994,0.00047,0.0,1.0,0.5,0.5,0.0,0.0,1.0,0.5
nomad2018-predict-transparent-conductors,2,3,"[0.001,0.003)",0,3,0,0.0017566666666666668,,0.3333333333333333,,0.5,,0.3333333333333333,,1.0,
nomad2018-predict-transparent-conductors,2,4,"[0.003,0.01)",1,1,14,0.00506,0.007136428571428571,0.0,0.8571428571428571,0.5,0.5,1.0,0.35714285714285715,0.0,0.5714285714285714
nomad2018-predict-transparent-conductors,3,0,"[0,0.0001)",0,2,1,5e-05,4e-05,0.5,1.0,0.5,0.5,0.5,1.0,0.5,1.0
nomad2018-predict-transparent-conductors,3,1,"[0.0001,0.0003)",0,9,3,0.0001922222222222222,0.00014666666666666666,0.3333333333333333,0.3333333333333333,0.5,0.5,0.6666666666666666,0.3333333333333333,0.2222222222222222,0.3333333333333333
nomad2018-predict-transparent-conductors,3,2,"[0.0003,0.001)",1,15,18,0.0006693333333333333,0.0006072222222222222,0.5333333333333333,0.7777777777777778,0.5,0.5,0.4,0.7777777777777778,0.6,0.6666666666666666
nomad2018-predict-transparent-conductors,3,3,"[0.001,0.003)",1,19,39,0.0018036842105263156,0.002107948717948718,0.3684210526315789,0.41025641025641024,0.5,0.5,0.6842105263157895,0.3076923076923077,0.631578947368421,0.6666666666666666
nomad2018-predict-transparent-conductors,3,4,"[0.003,0.01)",1,9,99,0.006118888888888889,0.005875252525252526,0.3333333333333333,0.8282828282828283,0.5,0.5,0.7777777777777778,0.3434343434343434,0.7777777777777778,0.8686868686868687
nomad2018-predict-transparent-conductors,3,5,"[0.01,0.03)",1,4,75,0.020872500000000002,0.01837026666666666,0.25,0.72,0.5,0.5,0.5,0.5466666666666666,0.25,0.9066666666666666
nomad2018-predict-transparent-conductors,3,6,"[0.03,0.1)",1,3,61,0.06392333333333333,0.060672131147540984,0.3333333333333333,0.4918032786885246,0.5,0.5,0.3333333333333333,0.32786885245901637,0.0,0.5737704918032787
nomad2018-predict-transparent-conductors,3,7,"[0.1,0.3)",1,7,183,0.11234571428571428,0.1590688524590165,0.42857142857142855,0.5683060109289617,0.5,0.5,0.5714285714285714,0.4098360655737705,0.42857142857142855,0.7540983606557377
nomad2018-predict-transparent-conductors,4,1,"[0.0001,0.0003)",1,2,9,0.00018999999999999998,0.00015333333333333334,0.0,0.5555555555555556,0.5,0.5,0.5,0.7777777777777778,0.5,0.4444444444444444
nomad2018-predict-transparent-conductors,4,2,"[0.0003,0.001)",1,10,14,0.0006739999999999999,0.0005978571428571429,0.3,0.2857142857142857,0.5,0.5,0.5,0.42857142857142855,0.6,0.21428571428571427
nomad2018-predict-transparent-conductors,4,3,"[0.001,0.003)",1,4,35,0.00168,0.0021928571428571422,0.25,0.7428571428571429,0.5,0.5,0.25,0.3142857142857143,0.5,0.8285714285714286
nomad2018-predict-transparent-conductors,4,4,"[0.003,0.01)",1,2,44,0.00428,0.004809545454545455,0.5,0.6590909090909091,0.5,0.5,0.5,0.4090909090909091,0.5,0.5
nomad2018-predict-transparent-conductors,4,6,"[0.03,0.1)",1,3,11,0.03743333333333333,0.04155545454545454,1.0,0.7272727272727273,0.5,0.5,0.3333333333333333,0.36363636363636365,0.3333333333333333,0.9090909090909091
nomad2018-predict-transparent-conductors,4,7,"[0.1,0.3)",1,1,12,0.12474,0.12417083333333334,1.0,0.5833333333333334,0.5,0.5,1.0,0.9166666666666666,0.0,0.16666666666666666
petfinder-pawpularity-score,0,4,"[0.003,0.01)",0,1,2,0.00762,0.00809,0.0,0.5,0.5,0.5,1.0,1.0,0.0,0.5
petfinder-pawpularity-score,0,6,"[0.03,0.1)",1,2,8,0.07058500000000001,0.06976874999999999,1.0,0.25,0.5,0.5,0.0,0.25,0.0,0.75
petfinder-pawpularity-score,0,7,"[0.1,0.3)",1,4,34,0.141125,0.21107588235294122,0.5,0.35294117647058826,0.5,0.5,0.5,0.23529411764705882,0.75,0.7058823529411765
petfinder-pawpularity-score,0,8,"[0.3,inf)",1,10,165,1.874279,1.8134640606060612,0.5,0.30303030303030304,0.5,0.5,0.1,0.42424242424242425,0.8,0.6606060606060606
petfinder-pawpularity-score,1,3,"[0.001,0.003)",1,4,36,0.0019025,0.0018583333333333334,0.0,0.4444444444444444,0.5,0.5,0.25,0.5833333333333334,0.25,0.5277777777777778
petfinder-pawpularity-score,1,4,"[0.003,0.01)",1,4,133,0.0055125,0.006646466165413532,0.75,0.6015037593984962,0.5,0.5,0.5,0.556390977443609,0.75,0.5112781954887218
petfinder-pawpularity-score,1,5,"[0.01,0.03)",1,20,349,0.019125500000000004,0.019823638968481376,0.25,0.47564469914040114,0.5,0.5,0.35,0.45558739255014324,0.35,0.47564469914040114
petfinder-pawpularity-score,1,6,"[0.03,0.1)",1,49,1135,0.058977755102040834,0.06404993832599126,0.4489795918367347,0.4484581497797357,0.5,0.5,0.5306122448979592,0.4431718061674009,0.4897959183673469,0.49251101321585905
petfinder-pawpularity-score,1,7,"[0.1,0.3)",1,46,2335,0.16715891304347827,0.19194113490364023,0.6304347826086957,0.3361884368308351,0.5,0.5,0.5217391304347826,0.4633832976445396,0.5,0.519914346895075
petfinder-pawpularity-score,1,8,"[0.3,inf)",1,35,8349,3.3447311428571425,2.563860106599591,0.45714285714285713,0.2030183255479698,0.5,0.5,0.6,0.5085638998682477,0.6285714285714286,0.6837944664031621
petfinder-pawpularity-score,2,2,"[0.0003,0.001)",0,2,4,0.0005300000000000001,0.00058,0.5,0.5,0.5,0.5,0.0,0.0,0.5,0.75
petfinder-pawpularity-score,2,3,"[0.001,0.003)",1,11,18,0.0018981818181818182,0.0020077777777777776,0.5454545454545454,0.5555555555555556,0.5,0.5,0.7272727272727273,0.5,0.45454545454545453,0.5555555555555556
petfinder-pawpularity-score,2,4,"[0.003,0.01)",1,19,65,0.006041052631578948,0.006310153846153847,0.3684210526315789,0.5384615384615384,0.5,0.5,0.5789473684210527,0.3230769230769231,0.5263157894736842,0.5230769230769231
petfinder-pawpularity-score,2,5,"[0.01,0.03)",1,33,159,0.019834848484848483,0.020193522012578617,0.48484848484848486,0.8301886792452831,0.5,0.5,0.45454545454545453,0.42138364779874216,0.5757575757575758,0.7610062893081762
petfinder-pawpularity-score,2,6,"[0.03,0.1)",1,69,637,0.0588131884057971,0.06663932496075355,0.5797101449275363,0.8571428571428571,0.5,0.5,0.5072463768115942,0.5588697017268446,0.5797101449275363,0.8021978021978022
petfinder-pawpularity-score,2,7,"[0.1,0.3)",1,45,1070,0.16565333333333332,0.180672663551402,0.35555555555555557,0.7588785046728972,0.5,0.5,0.4444444444444444,0.6579439252336449,0.4444444444444444,0.822429906542056
petfinder-pawpularity-score,2,8,"[0.3,inf)",1,35,8804,2.819126,4.130867763516572,0.5428571428571428,0.28032712403452975,0.5,0.5,0.4857142857142857,0.8090640617900954,0.6571428571428571,0.8395047705588369
petfinder-pawpularity-score,3,4,"[0.003,0.01)",1,3,15,0.005096666666666667,0.006458666666666668,0.0,0.5333333333333333,0.5,0.5,0.6666666666666666,0.4666666666666667,0.6666666666666666,0.5333333333333333
petfinder-pawpularity-score,3,5,"[0.01,0.03)",1,2,50,0.024480000000000002,0.019584200000000006,0.5,0.46,0.5,0.5,0.5,0.48,0.5,0.5
petfinder-pawpularity-score,3,6,"[0.03,0.1)",1,15,162,0.060678,0.06325925925925925,0.3333333333333333,0.4567901234567901,0.5,0.5,0.4666666666666667,0.47530864197530864,0.4666666666666667,0.5864197530864198
petfinder-pawpularity-score,3,7,"[0.1,0.3)",1,13,451,0.16570615384615386,0.19542301552106445,0.46153846153846156,0.5033259423503326,0.5,0.5,0.46153846153846156,0.376940133037694,0.46153846153846156,0.6407982261640798
petfinder-pawpularity-score,3,8,"[0.3,inf)",1,16,890,2.4091537499999998,1.9992801573033705,0.5,0.46741573033707867,0.5,0.5,0.375,0.4134831460674157,0.75,0.7617977528089888
petfinder-pawpularity-score,4,6,"[0.03,0.1)",0,2,3,0.051175,0.06731666666666668,0.0,0.3333333333333333,0.5,0.5,0.5,0.3333333333333333,0.0,0.3333333333333333
petfinder-pawpularity-score,4,8,"[0.3,inf)",1,9,82,1.7923555555555555,1.729953902439024,0.3333333333333333,0.34146341463414637,0.5,0.5,0.3333333333333333,0.5365853658536586,0.4444444444444444,0.6951219512195121
random-acts-of-pizza,0,0,"[0,0.0001)",1,4,10,4e-05,5.1000000000000006e-05,0.25,0.6,0.5,0.5,0.25,0.7,0.5,0.6
random-acts-of-pizza,0,1,"[0.0001,0.0003)",1,3,11,0.00014,0.00016636363636363634,0.6666666666666666,0.6363636363636364,0.5,0.5,0.0,0.45454545454545453,0.3333333333333333,0.6363636363636364
random-acts-of-pizza,0,2,"[0.0003,0.001)",1,10,65,0.0005480000000000001,0.0006624615384615385,0.7,0.5076923076923077,0.5,0.5,0.8,0.46153846153846156,0.6,0.46153846153846156
random-acts-of-pizza,0,3,"[0.001,0.003)",1,13,193,0.0018146153846153846,0.002008652849740933,0.38461538461538464,0.46632124352331605,0.5,0.5,0.46153846153846156,0.48704663212435234,0.5384615384615384,0.5284974093264249
random-acts-of-pizza,0,4,"[0.003,0.01)",1,27,695,0.005704444444444444,0.006520834532374103,0.7777777777777778,0.5525179856115108,0.5,0.5,0.5185185185185185,0.46618705035971225,0.4074074074074074,0.520863309352518
random-acts-of-pizza,0,5,"[0.01,0.03)",1,9,1207,0.01919111111111111,0.01785956089478043,0.4444444444444444,0.6462303231151616,0.5,0.5,0.7777777777777778,0.5310687655343828,0.7777777777777778,0.6031483015741508
random-acts-of-pizza,0,6,"[0.03,0.1)",1,9,4326,0.059016666666666655,0.07476874479889048,0.7777777777777778,0.5737401756819233,0.5,0.5,0.4444444444444444,0.3606102635228849,0.6666666666666666,0.7327785483125289
random-acts-of-pizza,0,7,"[0.1,0.3)",1,1,1035,0.1428,0.11798171014492762,0.0,0.7082125603864734,0.5,0.5,0.0,0.3159420289855073,0.0,0.8763285024154589
random-acts-of-pizza,1,3,"[0.001,0.003)",0,1,0,0.00211,,1.0,,0.5,,0.0,,0.0,
random-acts-of-pizza,1,5,"[0.01,0.03)",1,4,13,0.025955,0.019586923076923075,0.5,0.6153846153846154,0.5,0.5,0.25,0.38461538461538464,0.5,0.6923076923076923
random-acts-of-pizza,1,6,"[0.03,0.1)",1,1,20,0.06378,0.05498700000000001,0.0,0.5,0.5,0.5,0.0,0.4,0.0,0.8
random-acts-of-pizza,1,7,"[0.1,0.3)",1,1,6,0.10545,0.14094833333333331,0.0,0.6666666666666666,0.5,0.5,0.0,0.16666666666666666,1.0,1.0
random-acts-of-pizza,2,0,"[0,0.0001)",1,2,23,2.5e-05,5.130434782608696e-05,0.5,0.4782608695652174,0.5,0.5,1.0,0.391304347826087,1.0,0.6086956521739131
random-acts-of-pizza,2,1,"[0.0001,0.0003)",1,4,52,0.00021999999999999998,0.00019673076923076922,0.75,0.5,0.5,0.5,0.0,0.46153846153846156,0.25,0.4807692307692308
random-acts-of-pizza,2,2,"[0.0003,0.001)",1,9,192,0.00058,0.0006394270833333333,0.7777777777777778,0.5208333333333334,0.5,0.5,0.2222222222222222,0.5729166666666666,0.4444444444444444,0.4375
random-acts-of-pizza,2,3,"[0.001,0.003)",1,33,515,0.0017933333333333336,0.002019961165048545,0.5151515151515151,0.516504854368932,0.5,0.5,0.48484848484848486,0.5106796116504855,0.6060606060606061,0.5106796116504855
random-acts-of-pizza,2,4,"[0.003,0.01)",1,68,1760,0.005737794117647056,0.006355670454545457,0.45588235294117646,0.5619318181818181,0.5,0.5,0.45588235294117646,0.5386363636363637,0.4264705882352941,0.4693181818181818
random-acts-of-pizza,2,5,"[0.01,0.03)",1,42,3164,0.018486190476190476,0.018928347029077135,0.47619047619047616,0.5941845764854614,0.5,0.5,0.38095238095238093,0.5790139064475348,0.40476190476190477,0.48451327433628316
random-acts-of-pizza,2,6,"[0.03,0.1)",1,23,6419,0.053519565217391325,0.06167265306122451,0.391304347826087,0.3653217011995638,0.5,0.5,0.43478260869565216,0.3039414238978034,0.6086956521739131,0.6446486991743262
random-acts-of-pizza,2,7,"[0.1,0.3)",1,16,2372,0.13299687500000001,0.13598864249578424,0.3125,0.6833895446880269,0.5,0.5,0.5,0.6387015177065767,0.5,0.4169477234401349
random-acts-of-pizza,3,3,"[0.001,0.003)",0,1,3,0.00275,0.00176,0.0,0.3333333333333333,0.5,0.5,1.0,1.0,1.0,0.3333333333333333
random-acts-of-pizza,3,4,"[0.003,0.01)",1,5,6,0.007942000000000001,0.005725000000000001,0.4,1.0,0.5,0.5,0.8,0.0,0.4,0.5
random-acts-of-pizza,3,5,"[0.01,0.03)",1,3,18,0.016966666666666668,0.019090555555555555,0.6666666666666666,1.0,0.5,0.5,0.6666666666666666,0.5555555555555556,1.0,0.5555555555555556
random-acts-of-pizza,3,6,"[0.03,0.1)",1,1,8,0.03598,0.033682500000000004,1.0,1.0,0.5,0.5,1.0,0.875,1.0,0.875
random-acts-of-pizza,4,0,"[0,0.0001)",1,2,10,5e-05,4.4999999999999996e-05,0.5,0.5,0.5,0.5,0.5,0.6,0.5,0.6
random-acts-of-pizza,4,1,"[0.0001,0.0003)",1,3,31,0.00018666666666666666,0.00019387096774193548,0.0,0.6451612903225806,0.5,0.5,0.6666666666666666,0.45161290322580644,0.6666666666666666,0.45161290322580644
random-acts-of-pizza,4,2,"[0.0003,0.001)",1,10,85,0.000588,0.0006436470588235294,0.9,0.49411764705882355,0.5,0.5,0.6,0.5176470588235295,0.8,0.5411764705882353
random-acts-of-pizza,4,3,"[0.001,0.003)",1,29,251,0.0018896551724137932,0.0018876494023904375,0.4482758620689655,0.5418326693227091,0.5,0.5,0.3448275862068966,0.5059760956175299,0.3448275862068966,0.50199203187251
random-acts-of-pizza,4,4,"[0.003,0.01)",1,72,957,0.0062144444444444434,0.006457586206896546,0.5277777777777778,0.5945663531870429,0.5,0.5,0.5277777777777778,0.47648902821316613,0.4305555555555556,0.49216300940438873
random-acts-of-pizza,4,5,"[0.01,0.03)",1,35,1888,0.017668285714285713,0.0188417213983051,0.6285714285714286,0.611228813559322,0.5,0.5,0.4857142857142857,0.5460805084745762,0.4857142857142857,0.461864406779661
random-acts-of-pizza,4,6,"[0.03,0.1)",1,17,11345,0.057188235294117644,0.06619257293962116,0.5294117647058824,0.10868223887174967,0.5,0.5,0.29411764705882354,0.21630674305861614,0.5882352941176471,0.5278977523137947
random-acts-of-pizza,4,7,"[0.1,0.3)",1,3,1098,0.14670666666666665,0.12396374316939904,1.0,0.3451730418943534,0.5,0.5,0.0,0.45081967213114754,0.6666666666666666,0.5519125683060109
spaceship-titanic,0,4,"[0.003,0.01)",1,3,20,0.005743333333333334,0.006033500000000001,0.6666666666666666,0.3,0.5,0.5,0.3333333333333333,0.45,0.3333333333333333,0.7
spaceship-titanic,0,5,"[0.01,0.03)",1,4,18,0.0192525,0.01647611111111111,0.5,0.4444444444444444,0.5,0.5,0.5,0.3888888888888889,1.0,0.7222222222222222
spaceship-titanic,0,6,"[0.03,0.1)",1,1,9,0.05403,0.055686666666666676,0.0,0.0,0.5,0.5,1.0,0.8888888888888888,1.0,1.0
spaceship-titanic,1,3,"[0.001,0.003)",1,3,11,0.0023,0.0016690909090909091,0.6666666666666666,0.6363636363636364,0.5,0.5,0.3333333333333333,0.2727272727272727,0.6666666666666666,0.2727272727272727
spaceship-titanic,1,4,"[0.003,0.01)",1,26,24,0.00610076923076923,0.006414583333333335,0.6923076923076923,0.16666666666666666,0.5,0.5,0.3076923076923077,0.25,0.5384615384615384,0.08333333333333333
spaceship-titanic,1,5,"[0.01,0.03)",1,14,41,0.0115,0.016372195121951216,1.0,0.04878048780487805,0.5,0.5,0.5,0.4634146341463415,0.8571428571428571,0.07317073170731707
spaceship-titanic,1,6,"[0.03,0.1)",1,2,42,0.06264499999999999,0.07126738095238094,0.5,0.4523809523809524,0.5,0.5,0.0,0.6666666666666666,0.5,0.14285714285714285
spaceship-titanic,2,3,"[0.001,0.003)",0,1,0,0.0023,,1.0,,0.5,,1.0,,0.0,
spaceship-titanic,2,4,"[0.003,0.01)",0,2,0,0.00805,,0.0,,0.5,,1.0,,0.5,
spaceship-titanic,2,5,"[0.01,0.03)",0,1,0,0.02069,,0.0,,0.5,,1.0,,1.0,
spaceship-titanic,3,3,"[0.001,0.003)",1,5,23,0.00138,0.0015499999999999997,0.4,0.4782608695652174,0.5,0.5,0.6,0.6086956521739131,1.0,0.5217391304347826
spaceship-titanic,3,4,"[0.003,0.01)",1,3,62,0.0049833333333333335,0.006394516129032256,0.3333333333333333,0.41935483870967744,0.5,0.5,0.3333333333333333,0.41935483870967744,0.0,0.6129032258064516
spaceship-titanic,3,5,"[0.01,0.03)",1,7,79,0.015107142857142857,0.016280379746835445,0.42857142857142855,0.21518987341772153,0.5,0.5,0.7142857142857143,0.3037974683544304,1.0,0.6582278481012658
spaceship-titanic,3,6,"[0.03,0.1)",1,8,59,0.06911125,0.06602389830508475,1.0,0.423728813559322,0.5,0.5,0.5,0.3559322033898305,0.75,0.7627118644067796
spaceship-titanic,3,7,"[0.1,0.3)",1,2,17,0.148275,0.15192882352941176,1.0,0.058823529411764705,0.5,0.5,0.5,0.35294117647058826,1.0,1.0
spaceship-titanic,4,5,"[0.01,0.03)",0,2,2,0.02414,0.014945,0.5,0.0,0.5,0.5,1.0,0.5,0.5,0.0
spaceship-titanic,4,6,"[0.03,0.1)",0,1,1,0.0954,0.03219,1.0,0.0,0.5,0.5,0.0,1.0,1.0,1.0
spaceship-titanic,4,7,"[0.1,0.3)",0,1,2,0.12529,0.118395,0.0,1.0,0.5,0.5,0.0,0.5,1.0,1.0
spooky-author-identification,0,0,"[0,0.0001)",1,16,12,3.500000000000001e-05,5.4166666666666664e-05,0.75,0.0,0.5,0.5,0.6875,0.6666666666666666,0.3125,0.9166666666666666
spooky-author-identification,0,1,"[0.0001,0.0003)",1,20,8,0.00017,0.00020375000000000002,0.5,0.625,0.5,0.5,0.45,0.625,0.55,0.625
spooky-author-identification,0,2,"[0.0003,0.001)",1,23,82,0.0005604347826086955,0.0006904878048780487,0.30434782608695654,0.43902439024390244,0.5,0.5,0.4782608695652174,0.6219512195121951,0.5217391304347826,0.5121951219512195
spooky-author-identification,0,3,"[0.001,0.003)",1,47,198,0.0017989361702127657,0.0016929292929292927,0.574468085106383,0.46464646464646464,0.5,0.5,0.5531914893617021,0.6313131313131313,0.46808510638297873,0.5404040404040404
spooky-author-identification,0,4,"[0.003,0.01)",1,88,330,0.005859090909090906,0.006353787878787876,0.5,0.6848484848484848,0.5,0.5,0.5454545454545454,0.4393939393939394,0.6818181818181818,0.5606060606060606
spooky-author-identification,0,5,"[0.01,0.03)",1,82,2956,0.01861585365853658,0.021566001353179997,0.5,0.4428281461434371,0.5,0.5,0.5,0.3125845737483085,0.5487804878048781,0.40493910690121787
spooky-author-identification,0,6,"[0.03,0.1)",1,74,27876,0.04764932432432431,0.05793317405653631,0.44594594594594594,0.3494762519730234,0.5,0.5,0.3918918918918919,0.3664442531209643,0.5135135135135135,0.6000860955660784
spooky-author-identification,0,7,"[0.1,0.3)",1,24,8071,0.1528258333333333,0.15127116218560147,0.7083333333333334,0.42113740552595713,0.5,0.5,0.5833333333333334,0.6961962582084005,0.5833333333333334,0.6674513690992442
spooky-author-identification,0,8,"[0.3,inf)",1,8,1648,5.47136875,5.595097888349513,0.625,0.5552184466019418,0.5,0.5,0.375,0.8689320388349514,0.75,0.4265776699029126
spooky-author-identification,1,0,"[0,0.0001)",1,4,8,5.5e-05,5.75e-05,0.5,0.125,0.5,0.5,0.25,0.375,0.75,0.25
spooky-author-identification,1,1,"[0.0001,0.0003)",1,9,41,0.00017,0.00019512195121951223,0.4444444444444444,0.5609756097560976,0.5,0.5,0.5555555555555556,0.4878048780487805,0.6666666666666666,0.5121951219512195
spooky-author-identification,1,2,"[0.0003,0.001)",1,38,83,0.0005605263157894734,0.000621566265060241,0.47368421052631576,0.6506024096385542,0.5,0.5,0.5526315789473685,0.5542168674698795,0.42105263157894735,0.39759036144578314
spooky-author-identification,1,3,"[0.001,0.003)",1,42,182,0.001570238095238095,0.0018843406593406597,0.5238095238095238,0.5274725274725275,0.5,0.5,0.5238095238095238,0.6043956043956044,0.5714285714285714,0.5879120879120879
spooky-author-identification,1,4,"[0.003,0.01)",1,56,613,0.005678750000000001,0.006390309951060358,0.625,0.5791190864600326,0.5,0.5,0.6785714285714286,0.5954323001631321,0.5357142857142857,0.5415986949429038
spooky-author-identification,1,5,"[0.01,0.03)",1,56,1845,0.018543392857142856,0.021097859078590808,0.48214285714285715,0.5967479674796748,0.5,0.5,0.5714285714285714,0.394579945799458,0.6071428571428571,0.6937669376693767
spooky-author-identification,1,6,"[0.03,0.1)",1,31,3979,0.05292516129032258,0.05915454385524001,0.4838709677419355,0.6154812767026892,0.5,0.5,0.5806451612903226,0.6343302337270671,0.6774193548387096,0.8298567479266147
spooky-author-identification,1,7,"[0.1,0.3)",1,15,1886,0.150368,0.14894229056203598,0.4666666666666667,0.8213149522799575,0.5,0.5,0.6666666666666666,0.7725344644750796,0.7333333333333333,0.6935312831389183
spooky-author-identification,1,8,"[0.3,inf)",1,4,350,1.43803,2.0361947714285717,0.5,0.5085714285714286,0.5,0.5,0.5,0.8485714285714285,0.25,0.8371428571428572
spooky-author-identification,2,0,"[0,0.0001)",0,1,4,4e-05,5e-05,1.0,0.5,0.5,0.5,1.0,0.0,1.0,0.25
spooky-author-identification,2,1,"[0.0001,0.0003)",1,2,14,0.00022,0.00020357142857142858,0.0,0.2857142857142857,0.5,0.5,0.5,0.5,1.0,0.5
spooky-author-identification,2,2,"[0.0003,0.001)",1,5,32,0.000602,0.0006115624999999999,0.2,0.375,0.5,0.5,0.4,0.375,0.6,0.5
spooky-author-identification,2,3,"[0.001,0.003)",1,10,125,0.0017689999999999997,0.0019478400000000006,0.5,0.528,0.5,0.5,0.7,0.512,0.5,0.48
spooky-author-identification,2,4,"[0.003,0.01)",1,21,345,0.006656190476190477,0.006386173913043481,0.42857142857142855,0.48985507246376814,0.5,0.5,0.38095238095238093,0.5043478260869565,0.47619047619047616,0.5391304347826087
spooky-author-identification,2,5,"[0.01,0.03)",1,38,1142,0.01921657894736842,0.020236628721541118,0.6842105263157895,0.6576182136602452,0.5,0.5,0.6578947368421053,0.6077057793345009,0.7105263157894737,0.7311733800350263
spooky-author-identification,2,6,"[0.03,0.1)",1,37,4515,0.04819918918918919,0.06308864230343307,0.5945945945945946,0.84296788482835,0.5,0.5,0.7027027027027027,0.6965669988925803,0.5945945945945946,0.9069767441860465
spooky-author-identification,2,7,"[0.1,0.3)",1,4,1220,0.1708675,0.15862337704918028,0.25,0.6491803278688525,0.5,0.5,0.75,0.8237704918032787,0.5,0.8426229508196721
spooky-author-identification,2,8,"[0.3,inf)",1,1,198,0.60333,0.7293767171717179,0.0,0.41414141414141414,0.5,0.5,1.0,0.9747474747474747,1.0,0.7474747474747475
spooky-author-identification,3,0,"[0,0.0001)",0,1,1,8e-05,9e-05,1.0,0.0,0.5,0.5,0.0,0.0,0.0,0.0
spooky-author-identification,3,1,"[0.0001,0.0003)",0,2,2,0.00025,0.00016,0.0,0.5,0.5,0.5,1.0,1.0,0.5,1.0
spooky-author-identification,3,4,"[0.003,0.01)",1,1,5,0.00595,0.005484,0.0,0.4,0.5,0.5,0.0,0.6,0.0,0.4
spooky-author-identification,3,5,"[0.01,0.03)",1,6,9,0.020501666666666665,0.019183333333333333,0.6666666666666666,0.5555555555555556,0.5,0.5,0.3333333333333333,0.3333333333333333,0.6666666666666666,0.7777777777777778
spooky-author-identification,3,6,"[0.03,0.1)",1,3,26,0.03810333333333333,0.057264230769230776,0.3333333333333333,0.5769230769230769,0.5,0.5,0.0,0.5384615384615384,0.6666666666666666,0.5384615384615384
spooky-author-identification,3,7,"[0.1,0.3)",1,2,71,0.13199,0.20532436619718303,1.0,0.8873239436619719,0.5,0.5,1.0,0.971830985915493,1.0,0.8591549295774648
spooky-author-identification,3,8,"[0.3,inf)",1,2,72,0.48342,0.5512243055555556,0.5,0.4027777777777778,0.5,0.5,0.5,0.9027777777777778,0.5,0.75
spooky-author-identification,4,0,"[0,0.0001)",1,1,7,3e-05,3.142857142857143e-05,0.0,0.42857142857142855,0.5,0.5,0.0,0.5714285714285714,0.0,0.5714285714285714
spooky-author-identification,4,1,"[0.0001,0.0003)",1,2,5,0.000195,0.00023600000000000002,0.5,0.6,0.5,0.5,0.5,0.4,0.5,0.4
spooky-author-identification,4,2,"[0.0003,0.001)",1,5,22,0.000642,0.0006995454545454545,0.6,0.36363636363636365,0.5,0.5,0.2,0.6363636363636364,0.6,0.6363636363636364
spooky-author-identification,4,3,"[0.001,0.003)",1,12,61,0.0019975,0.0020114754098360657,0.5833333333333334,0.6065573770491803,0.5,0.5,0.8333333333333334,0.39344262295081966,0.3333333333333333,0.4098360655737705
spooky-author-identification,4,4,"[0.003,0.01)",1,27,214,0.0062266666666666685,0.006467897196261687,0.4074074074074074,0.602803738317757,0.5,0.5,0.3333333333333333,0.40186915887850466,0.2962962962962963,0.411214953271028
spooky-author-identification,4,5,"[0.01,0.03)",1,34,620,0.018983823529411768,0.020495274193548373,0.5882352941176471,0.6580645161290323,0.5,0.5,0.5588235294117647,0.3951612903225806,0.5,0.41774193548387095
spooky-author-identification,4,6,"[0.03,0.1)",1,40,1476,0.05076700000000001,0.059140982384823876,0.475,0.8021680216802168,0.5,0.5,0.775,0.42208672086720866,0.625,0.3712737127371274
spooky-author-identification,4,7,"[0.1,0.3)",1,6,1716,0.16394333333333333,0.16588826340326332,0.8333333333333334,0.26107226107226106,0.5,0.5,0.8333333333333334,0.8828671328671329,0.6666666666666666,0.9335664335664335
tabular-playground-series-dec-2021,0,0,"[0,0.0001)",0,1,0,7e-05,,0.0,,0.5,,0.0,,1.0,
tabular-playground-series-dec-2021,0,4,"[0.003,0.01)",0,1,2,0.00605,0.007254999999999999,0.0,0.5,0.5,0.5,0.0,1.0,1.0,1.0
tabular-playground-series-dec-2021,1,1,"[0.0001,0.0003)",0,1,0,0.00021,,1.0,,0.5,,1.0,,1.0,
tabular-playground-series-dec-2021,1,5,"[0.01,0.03)",0,1,2,0.01846,0.020835,0.0,0.0,0.5,0.5,0.0,0.0,1.0,0.5
tabular-playground-series-dec-2021,2,0,"[0,0.0001)",0,3,3,5.666666666666667e-05,3.9999999999999996e-05,0.3333333333333333,0.3333333333333333,0.5,0.5,1.0,0.6666666666666666,0.3333333333333333,0.6666666666666666
tabular-playground-series-dec-2021,2,2,"[0.0003,0.001)",1,3,31,0.00069,0.0007116129032258065,0.6666666666666666,0.12903225806451613,0.5,0.5,0.3333333333333333,0.22580645161290322,0.0,0.3548387096774194
tabular-playground-series-dec-2021,2,4,"[0.003,0.01)",0,1,0,0.00585,,1.0,,0.5,,1.0,,1.0,
tabular-playground-series-dec-2021,2,8,"[0.3,inf)",1,3,27,0.36535,0.362825925925926,1.0,0.5555555555555556,0.5,0.5,0.6666666666666666,0.14814814814814814,1.0,0.5185185185185185
tabular-playground-series-dec-2021,3,0,"[0,0.0001)",1,1,6,7e-05,6e-05,1.0,0.6666666666666666,0.5,0.5,1.0,0.6666666666666666,1.0,0.8333333333333334
tabular-playground-series-dec-2021,3,1,"[0.0001,0.0003)",1,2,13,0.00021,0.00020615384615384617,0.5,0.38461538461538464,0.5,0.5,0.5,0.5384615384615384,0.5,0.46153846153846156
tabular-playground-series-dec-2021,3,2,"[0.0003,0.001)",1,1,24,0.0005,0.00052875,1.0,0.7083333333333334,0.5,0.5,0.0,0.7083333333333334,1.0,0.5
tabular-playground-series-dec-2021,3,3,"[0.001,0.003)",0,1,2,0.00102,0.00113,0.0,1.0,0.5,0.5,1.0,0.5,1.0,0.5
tabular-playground-series-dec-2021,3,4,"[0.003,0.01)",1,1,12,0.00521,0.005614166666666667,1.0,0.8333333333333334,0.5,0.5,1.0,0.8333333333333334,1.0,0.8333333333333334
tabular-playground-series-dec-2021,3,7,"[0.1,0.3)",1,2,22,0.148185,0.1592863636363636,0.5,0.2727272727272727,0.5,0.5,0.5,0.6818181818181818,1.0,0.7727272727272727
tabular-playground-series-dec-2021,3,8,"[0.3,inf)",1,2,9,0.36511,0.37617111111111107,1.0,0.7777777777777778,0.5,0.5,1.0,0.8888888888888888,0.5,0.6666666666666666
tabular-playground-series-dec-2021,4,0,"[0,0.0001)",0,1,0,9e-05,,1.0,,0.5,,0.0,,1.0,
tabular-playground-series-dec-2021,4,1,"[0.0001,0.0003)",1,1,6,0.00013,0.0001916666666666667,0.0,0.16666666666666666,0.5,0.5,1.0,0.16666666666666666,1.0,0.16666666666666666
tabular-playground-series-dec-2021,4,2,"[0.0003,0.001)",1,2,18,0.000545,0.0005883333333333333,1.0,0.3888888888888889,0.5,0.5,1.0,0.4444444444444444,1.0,0.3333333333333333
tabular-playground-series-dec-2021,4,4,"[0.003,0.01)",1,1,6,0.00465,0.004675,1.0,1.0,0.5,0.5,1.0,1.0,1.0,0.0
tabular-playground-series-may-2022,0,3,"[0.001,0.003)",1,4,6,0.0019325000000000002,0.0020916666666666666,0.75,0.5,0.5,0.5,0.75,0.5,0.5,0.6666666666666666
tabular-playground-series-may-2022,0,4,"[0.003,0.01)",1,2,6,0.003865,0.005579999999999999,1.0,0.6666666666666666,0.5,0.5,1.0,0.16666666666666666,0.0,0.6666666666666666
tabular-playground-series-may-2022,0,6,"[0.03,0.1)",1,1,23,0.0626,0.05496434782608696,1.0,0.8260869565217391,0.5,0.5,0.0,0.8695652173913043,1.0,0.9130434782608695
tabular-playground-series-may-2022,0,7,"[0.1,0.3)",1,2,18,0.123245,0.14694277777777776,1.0,0.7222222222222222,0.5,0.5,1.0,0.8888888888888888,1.0,1.0
tabular-playground-series-may-2022,1,0,"[0,0.0001)",1,2,16,2e-05,5.750000000000002e-05,0.5,0.4375,0.5,0.5,0.5,0.625,0.5,0.5
tabular-playground-series-may-2022,1,1,"[0.0001,0.0003)",1,4,28,0.0001675,0.00020035714285714288,0.5,0.39285714285714285,0.5,0.5,0.75,0.5714285714285714,0.25,0.39285714285714285
tabular-playground-series-may-2022,1,2,"[0.0003,0.001)",1,7,110,0.0005514285714285714,0.0006386363636363637,0.42857142857142855,0.5818181818181818,0.5,0.5,0.42857142857142855,0.4,0.7142857142857143,0.5909090909090909
tabular-playground-series-may-2022,1,3,"[0.001,0.003)",1,5,217,0.0012120000000000002,0.0018614746543778803,0.4,0.5391705069124424,0.5,0.5,0.8,0.3317972350230415,0.2,0.6497695852534562
tabular-playground-series-may-2022,1,4,"[0.003,0.01)",1,12,288,0.004989166666666667,0.005675659722222225,0.5833333333333334,0.8090277777777778,0.5,0.5,0.5,0.6215277777777778,0.5,0.8784722222222222
tabular-playground-series-may-2022,1,5,"[0.01,0.03)",1,6,118,0.016698333333333332,0.017901440677966104,0.3333333333333333,0.5847457627118644,0.5,0.5,0.6666666666666666,0.5169491525423728,0.5,0.7711864406779662
tabular-playground-series-may-2022,1,6,"[0.03,0.1)",1,4,362,0.0478725,0.05253616022099448,0.5,0.9060773480662984,0.5,0.5,0.5,0.9088397790055248,0.75,0.9392265193370166
tabular-playground-series-may-2022,1,7,"[0.1,0.3)",1,4,326,0.1526575,0.22434573619631903,1.0,0.8006134969325154,0.5,0.5,0.5,0.8865030674846626,1.0,0.9294478527607362
tabular-playground-series-may-2022,1,8,"[0.3,inf)",1,4,70,0.4432425,0.4234364285714285,1.0,0.6857142857142857,0.5,0.5,0.25,0.3142857142857143,0.75,0.7714285714285715
tabular-playground-series-may-2022,2,0,"[0,0.0001)",0,1,0,2e-05,,1.0,,0.5,,1.0,,0.0,
tabular-playground-series-may-2022,2,2,"[0.0003,0.001)",0,5,1,0.000634,0.00094,0.6,0.0,0.5,0.5,1.0,0.0,0.0,0.0
tabular-playground-series-may-2022,2,3,"[0.001,0.003)",1,7,9,0.0024085714285714288,0.0019100000000000005,0.5714285714285714,0.3333333333333333,0.5,0.5,0.7142857142857143,0.4444444444444444,0.42857142857142855,0.2222222222222222
tabular-playground-series-may-2022,2,4,"[0.003,0.01)",1,9,30,0.006639999999999999,0.006346666666666667,0.6666666666666666,0.7333333333333333,0.5,0.5,0.8888888888888888,0.6,0.5555555555555556,0.5333333333333333
tabular-playground-series-may-2022,2,5,"[0.01,0.03)",1,3,79,0.021423333333333332,0.01968759493670887,0.3333333333333333,0.6329113924050633,0.5,0.5,1.0,0.6455696202531646,1.0,0.759493670886076
tabular-playground-series-may-2022,2,6,"[0.03,0.1)",1,3,185,0.0546,0.05416708108108108,0.6666666666666666,0.7405405405405405,0.5,0.5,0.6666666666666666,0.6702702702702703,0.6666666666666666,0.8054054054054054
tabular-playground-series-may-2022,2,7,"[0.1,0.3)",1,8,248,0.15421125,0.17990379032258075,0.5,0.75,0.5,0.5,0.75,0.6169354838709677,1.0,0.8185483870967742
tabular-playground-series-may-2022,2,8,"[0.3,inf)",1,1,14,0.32535,0.32777285714285714,1.0,0.9285714285714286,0.5,0.5,1.0,0.9285714285714286,1.0,1.0
tabular-playground-series-may-2022,3,2,"[0.0003,0.001)",0,1,3,0.00099,0.0006533333333333333,0.0,0.6666666666666666,0.5,0.5,1.0,0.6666666666666666,1.0,0.6666666666666666
tabular-playground-series-may-2022,3,3,"[0.001,0.003)",0,2,3,0.0021850000000000003,0.00188,0.5,0.6666666666666666,0.5,0.5,1.0,0.6666666666666666,0.5,1.0
tabular-playground-series-may-2022,3,4,"[0.003,0.01)",1,3,9,0.005070000000000001,0.00634,0.6666666666666666,0.4444444444444444,0.5,0.5,1.0,0.6666666666666666,0.6666666666666666,0.7777777777777778
tabular-playground-series-may-2022,3,7,"[0.1,0.3)",1,3,33,0.12598333333333334,0.15425151515151514,0.3333333333333333,0.8181818181818182,0.5,0.5,0.0,0.7272727272727273,1.0,1.0
tabular-playground-series-may-2022,4,3,"[0.001,0.003)",1,1,10,0.00121,0.001852,0.0,0.6,0.5,0.5,1.0,0.4,1.0,0.5
tabular-playground-series-may-2022,4,4,"[0.003,0.01)",1,5,35,0.006286,0.006507142857142857,0.6,0.6285714285714286,0.5,0.5,0.2,0.5428571428571428,0.2,0.42857142857142855
tabular-playground-series-may-2022,4,5,"[0.01,0.03)",1,7,69,0.019661428571428573,0.01912695652173913,0.7142857142857143,0.42028985507246375,0.5,0.5,0.2857142857142857,0.34782608695652173,0.7142857142857143,0.4492753623188406
tabular-playground-series-may-2022,4,6,"[0.03,0.1)",1,1,73,0.06161,0.048215753424657525,0.0,0.3150684931506849,0.5,0.5,0.0,0.3150684931506849,1.0,0.3287671232876712
tabular-playground-series-may-2022,4,7,"[0.1,0.3)",1,6,100,0.17976833333333334,0.14911139999999995,0.5,0.4,0.5,0.5,0.3333333333333333,0.54,0.8333333333333334,0.64
tabular-playground-series-may-2022,4,8,"[0.3,inf)",1,1,18,0.41729,0.41806611111111114,0.0,0.6111111111111112,0.5,0.5,1.0,0.9444444444444444,0.0,0.9444444444444444
text-normalization-challenge-english-language,0,0,"[0,0.0001)",1,1,8,8e-05,4.5e-05,0.0,0.375,0.5,0.5,1.0,0.375,1.0,0.625
text-normalization-challenge-english-language,0,1,"[0.0001,0.0003)",1,1,17,0.00013,0.00019294117647058822,1.0,0.5294117647058824,0.5,0.5,0.0,0.47058823529411764,0.0,0.5294117647058824
text-normalization-challenge-english-language,0,2,"[0.0003,0.001)",1,5,54,0.000544,0.0006275925925925928,0.4,0.5,0.5,0.5,1.0,0.5185185185185185,0.6,0.6111111111111112
text-normalization-challenge-english-language,0,3,"[0.001,0.003)",1,6,89,0.0017833333333333332,0.001775168539325842,0.6666666666666666,0.7078651685393258,0.5,0.5,1.0,0.5280898876404494,0.6666666666666666,0.550561797752809
text-normalization-challenge-english-language,0,4,"[0.003,0.01)",1,2,34,0.007350000000000001,0.007367352941176469,0.5,0.7647058823529411,0.5,0.5,0.0,0.7058823529411765,0.5,0.08823529411764706
text-normalization-challenge-english-language,0,5,"[0.01,0.03)",1,1,32,0.02193,0.0177621875,1.0,0.25,0.5,0.5,1.0,0.71875,1.0,0.625
text-normalization-challenge-english-language,0,6,"[0.03,0.1)",1,1,45,0.03559,0.03600133333333334,0.0,0.2222222222222222,0.5,0.5,1.0,0.9555555555555556,0.0,0.6666666666666666
text-normalization-challenge-russian-language,0,0,"[0,0.0001)",0,4,0,4.75e-05,,0.25,,0.5,,0.5,,0.0,
text-normalization-challenge-russian-language,0,3,"[0.001,0.003)",0,1,0,0.00262,,0.0,,0.5,,1.0,,0.0,
text-normalization-challenge-russian-language,0,5,"[0.01,0.03)",0,1,0,0.011,,1.0,,0.5,,0.0,,0.0,
text-normalization-challenge-russian-language,1,0,"[0,0.0001)",0,6,0,5.666666666666667e-05,,0.6666666666666666,,0.5,,0.3333333333333333,,0.5,
text-normalization-challenge-russian-language,1,2,"[0.0003,0.001)",0,2,0,0.0006000000000000001,,0.5,,0.5,,1.0,,0.5,
text-normalization-challenge-russian-language,1,3,"[0.001,0.003)",0,3,0,0.0018033333333333332,,0.6666666666666666,,0.5,,0.3333333333333333,,0.6666666666666666,
text-normalization-challenge-russian-language,1,6,"[0.03,0.1)",0,1,0,0.04351,,1.0,,0.5,,0.0,,0.0,
text-normalization-challenge-russian-language,2,0,"[0,0.0001)",0,1,0,6e-05,,0.0,,0.5,,0.0,,1.0,
text-normalization-challenge-russian-language,2,1,"[0.0001,0.0003)",0,3,0,0.00022333333333333333,,1.0,,0.5,,0.6666666666666666,,1.0,
text-normalization-challenge-russian-language,2,2,"[0.0003,0.001)",0,1,0,0.00053,,1.0,,0.5,,1.0,,1.0,
text-normalization-challenge-russian-language,2,3,"[0.001,0.003)",0,2,0,0.002375,,0.0,,0.5,,0.5,,0.5,
text-normalization-challenge-russian-language,2,4,"[0.003,0.01)",0,3,0,0.005,,0.3333333333333333,,0.5,,0.6666666666666666,,0.6666666666666666,
text-normalization-challenge-russian-language,2,6,"[0.03,0.1)",1,2,65,0.046735,0.06915200000000002,1.0,0.0,0.5,0.5,0.5,0.6,0.0,0.4153846153846154
text-normalization-challenge-russian-language,3,0,"[0,0.0001)",0,6,0,4.500000000000001e-05,,0.3333333333333333,,0.5,,0.16666666666666666,,0.16666666666666666,
text-normalization-challenge-russian-language,3,1,"[0.0001,0.0003)",0,3,0,0.00018666666666666666,,1.0,,0.5,,0.3333333333333333,,0.6666666666666666,
text-normalization-challenge-russian-language,3,2,"[0.0003,0.001)",0,9,0,0.0006277777777777779,,0.6666666666666666,,0.5,,0.7777777777777778,,0.6666666666666666,
text-normalization-challenge-russian-language,3,3,"[0.001,0.003)",0,8,0,0.0017612499999999998,,0.625,,0.5,,0.375,,0.625,
text-normalization-challenge-russian-language,3,4,"[0.003,0.01)",0,2,0,0.004215,,0.5,,0.5,,0.0,,0.0,
text-normalization-challenge-russian-language,3,6,"[0.03,0.1)",0,2,0,0.03162,,0.5,,0.5,,0.5,,1.0,
text-normalization-challenge-russian-language,4,0,"[0,0.0001)",1,6,79,4.333333333333333e-05,5.253164556962028e-05,0.6666666666666666,0.4936708860759494,0.5,0.5,0.8333333333333334,0.5063291139240507,0.6666666666666666,0.5189873417721519
text-normalization-challenge-russian-language,4,1,"[0.0001,0.0003)",1,6,171,0.00017833333333333332,0.00019672514619883038,0.6666666666666666,0.5146198830409356,0.5,0.5,1.0,0.49707602339181284,0.3333333333333333,0.52046783625731
text-normalization-challenge-russian-language,4,2,"[0.0003,0.001)",1,13,311,0.0005330769230769231,0.0005835691318327973,0.5384615384615384,0.6527331189710611,0.5,0.5,0.8461538461538461,0.7009646302250804,0.6153846153846154,0.3279742765273312
text-normalization-challenge-russian-language,4,3,"[0.001,0.003)",1,6,185,0.0016950000000000001,0.0019543243243243242,0.5,0.43243243243243246,0.5,0.5,0.5,0.5513513513513514,0.5,0.41081081081081083
text-normalization-challenge-russian-language,4,6,"[0.03,0.1)",1,2,114,0.058359999999999995,0.06713035087719298,0.5,0.5964912280701754,0.5,0.5,0.5,0.8947368421052632,0.5,0.4298245614035088
text-normalization-challenge-russian-language,4,7,"[0.1,0.3)",1,3,72,0.24568333333333334,0.24453000000000014,0.3333333333333333,0.5416666666666666,0.5,0.5,1.0,0.8333333333333334,0.6666666666666666,0.125
tweet-sentiment-extraction,2,1,"[0.0001,0.0003)",0,1,0,0.00019,,0.0,,0.5,,1.0,,1.0,
tweet-sentiment-extraction,2,2,"[0.0003,0.001)",0,3,0,0.0005566666666666667,,1.0,,0.5,,0.3333333333333333,,0.3333333333333333,
tweet-sentiment-extraction,2,3,"[0.001,0.003)",0,7,0,0.00195,,0.14285714285714285,,0.5,,0.2857142857142857,,0.5714285714285714,
tweet-sentiment-extraction,2,4,"[0.003,0.01)",1,5,24,0.004384000000000001,0.00791375,0.4,0.125,0.5,0.5,0.4,0.0,0.2,1.0
tweet-sentiment-extraction,2,6,"[0.03,0.1)",0,1,4,0.0501,0.0617325,1.0,0.0,0.5,0.5,1.0,0.0,1.0,1.0
tweet-sentiment-extraction,2,7,"[0.1,0.3)",1,2,8,0.154495,0.1644675,0.0,0.25,0.5,0.5,1.0,0.0,0.5,1.0
tweet-sentiment-extraction,2,8,"[0.3,inf)",0,1,4,0.34143,0.3539225,0.0,0.0,0.5,0.5,0.0,0.0,1.0,1.0
tweet-sentiment-extraction,3,0,"[0,0.0001)",0,1,0,7e-05,,0.0,,0.5,,0.0,,0.0,
tweet-sentiment-extraction,3,1,"[0.0001,0.0003)",0,1,0,0.00028,,0.0,,0.5,,1.0,,1.0,
tweet-sentiment-extraction,3,2,"[0.0003,0.001)",0,4,0,0.0005874999999999999,,0.75,,0.5,,0.5,,0.5,
tweet-sentiment-extraction,3,3,"[0.001,0.003)",0,6,0,0.0019233333333333333,,0.5,,0.5,,0.5,,0.5,
tweet-sentiment-extraction,3,4,"[0.003,0.01)",0,5,0,0.005364,,0.8,,0.5,,0.6,,0.2,
tweet-sentiment-extraction,3,5,"[0.01,0.03)",0,1,0,0.02513,,1.0,,0.5,,1.0,,0.0,
tweet-sentiment-extraction,3,6,"[0.03,0.1)",0,1,0,0.0566,,1.0,,0.5,,1.0,,0.0,
tweet-sentiment-extraction,3,7,"[0.1,0.3)",0,1,0,0.18872,,0.0,,0.5,,1.0,,1.0,
us-patent-phrase-to-phrase-matching,0,2,"[0.0003,0.001)",0,1,0,0.00075,,0.0,,0.5,,1.0,,1.0,
us-patent-phrase-to-phrase-matching,0,3,"[0.001,0.003)",0,1,0,0.00268,,1.0,,0.5,,1.0,,0.0,
us-patent-phrase-to-phrase-matching,0,5,"[0.01,0.03)",0,2,0,0.01612,,1.0,,0.5,,0.5,,0.0,
us-patent-phrase-to-phrase-matching,0,6,"[0.03,0.1)",0,1,0,0.04164,,0.0,,0.5,,0.0,,1.0,
us-patent-phrase-to-phrase-matching,2,4,"[0.003,0.01)",0,2,3,0.0077800000000000005,0.006686666666666667,1.0,0.6666666666666666,0.5,0.5,0.5,0.0,0.5,0.3333333333333333
us-patent-phrase-to-phrase-matching,2,5,"[0.01,0.03)",0,1,3,0.01883,0.017166666666666667,1.0,0.3333333333333333,0.5,0.5,0.0,0.3333333333333333,0.0,0.3333333333333333
us-patent-phrase-to-phrase-matching,3,0,"[0,0.0001)",0,2,1,2e-05,7e-05,0.5,0.0,0.5,0.5,0.5,1.0,0.0,1.0
us-patent-phrase-to-phrase-matching,3,1,"[0.0001,0.0003)",0,3,1,0.00014333333333333334,0.00027,0.6666666666666666,0.0,0.5,0.5,0.6666666666666666,0.0,0.6666666666666666,0.0
us-patent-phrase-to-phrase-matching,3,2,"[0.0003,0.001)",0,8,4,0.0005387500000000001,0.000515,0.5,0.5,0.5,0.5,0.5,0.5,0.125,0.75
us-patent-phrase-to-phrase-matching,3,3,"[0.001,0.003)",1,16,7,0.0019618750000000005,0.0019285714285714286,0.375,0.2857142857142857,0.5,0.5,0.25,0.14285714285714285,0.6875,0.2857142857142857
us-patent-phrase-to-phrase-matching,3,4,"[0.003,0.01)",1,44,51,0.005696363636363636,0.006708627450980391,0.5227272727272727,0.39215686274509803,0.5,0.5,0.5909090909090909,0.6078431372549019,0.4318181818181818,0.5098039215686274
us-patent-phrase-to-phrase-matching,3,5,"[0.01,0.03)",1,64,88,0.016177343750000003,0.017233068181818176,0.359375,0.3409090909090909,0.5,0.5,0.4375,0.6931818181818182,0.4375,0.7159090909090909
us-patent-phrase-to-phrase-matching,3,6,"[0.03,0.1)",1,36,16,0.04823416666666667,0.040283125,0.3611111111111111,0.8125,0.5,0.5,0.5555555555555556,0.25,0.5555555555555556,0.25
us-patent-phrase-to-phrase-matching,3,7,"[0.1,0.3)",1,4,13,0.17645,0.2944138461538462,1.0,0.9230769230769231,0.5,0.5,0.5,0.23076923076923078,0.25,0.9230769230769231
us-patent-phrase-to-phrase-matching,3,8,"[0.3,inf)",1,4,8723,0.3691475,0.39649913791126906,0.75,0.6543620314112117,0.5,0.5,0.25,0.08792846497764531,0.75,0.9782185028086667
us-patent-phrase-to-phrase-matching,4,0,"[0,0.0001)",0,13,3,4.846153846153846e-05,5e-05,0.38461538461538464,0.0,0.5,0.5,0.38461538461538464,0.0,0.3076923076923077,0.6666666666666666
us-patent-phrase-to-phrase-matching,4,1,"[0.0001,0.0003)",1,21,7,0.00016999999999999996,0.00019857142857142854,0.6666666666666666,0.2857142857142857,0.5,0.5,0.6190476190476191,0.7142857142857143,0.5714285714285714,0.5714285714285714
us-patent-phrase-to-phrase-matching,4,2,"[0.0003,0.001)",1,27,15,0.0005348148148148149,0.0006213333333333334,0.5555555555555556,0.5333333333333333,0.5,0.5,0.48148148148148145,0.5333333333333333,0.4444444444444444,0.5333333333333333
us-patent-phrase-to-phrase-matching,4,3,"[0.001,0.003)",1,41,34,0.0018195121951219508,0.002115294117647059,0.7073170731707317,0.6764705882352942,0.5,0.5,0.5853658536585366,0.6470588235294118,0.4146341463414634,0.5882352941176471
us-patent-phrase-to-phrase-matching,4,4,"[0.003,0.01)",1,25,175,0.005998,0.0077222285714285705,0.56,0.3142857142857143,0.5,0.5,0.52,0.28,0.44,0.2742857142857143
us-patent-phrase-to-phrase-matching,4,5,"[0.01,0.03)",1,15,347,0.01568,0.016376685878962533,0.4666666666666667,0.2737752161383285,0.5,0.5,0.4,0.276657060518732,0.6666666666666666,0.2478386167146974
us-patent-phrase-to-phrase-matching,4,6,"[0.03,0.1)",1,2,61,0.051705,0.04397196721311474,1.0,0.7704918032786885,0.5,0.5,0.5,0.29508196721311475,0.5,0.4426229508196721
us-patent-phrase-to-phrase-matching,4,7,"[0.1,0.3)",1,2,8953,0.200615,0.23482657098179305,0.5,0.9897241148218474,0.5,0.5,1.0,0.4215346811124763,0.5,0.7538255333407796
us-patent-phrase-to-phrase-matching,4,8,"[0.3,inf)",1,1,97,1.06694,0.7202148453608248,1.0,0.9690721649484536,0.5,0.5,0.0,0.711340206185567,0.0,0.7319587628865979
whale-categorization-playground,0,2,"[0.0003,0.001)",1,1,5,0.00043,0.000606,1.0,0.8,0.5,0.5,0.0,0.6,1.0,0.2
whale-categorization-playground,0,3,"[0.001,0.003)",1,2,9,0.00186,0.002278888888888889,0.5,0.6666666666666666,0.5,0.5,0.5,0.4444444444444444,0.0,0.3333333333333333
whale-categorization-playground,0,4,"[0.003,0.01)",1,7,30,0.006408571428571429,0.006937999999999999,0.5714285714285714,0.4666666666666667,0.5,0.5,0.42857142857142855,0.43333333333333335,0.7142857142857143,0.5666666666666667
whale-categorization-playground,0,5,"[0.01,0.03)",1,6,74,0.01965,0.01952108108108108,0.3333333333333333,0.36486486486486486,0.5,0.5,0.5,0.22972972972972974,0.3333333333333333,0.6351351351351351
whale-categorization-playground,0,6,"[0.03,0.1)",1,10,270,0.059024,0.06785940740740742,0.6,0.5259259259259259,0.5,0.5,0.4,0.4185185185185185,0.4,0.4740740740740741
whale-categorization-playground,0,7,"[0.1,0.3)",1,6,354,0.13947166666666666,0.16280313559322027,0.3333333333333333,0.6779661016949152,0.5,0.5,0.0,0.2909604519774011,0.6666666666666666,0.3022598870056497
whale-categorization-playground,1,3,"[0.001,0.003)",0,1,0,0.00178,,0.0,,0.5,,1.0,,1.0,
whale-categorization-playground,1,4,"[0.003,0.01)",0,1,2,0.00896,0.00588,1.0,0.5,0.5,0.5,0.0,0.0,1.0,1.0
whale-categorization-playground,1,6,"[0.03,0.1)",1,3,9,0.07776666666666666,0.06443777777777777,0.6666666666666666,0.6666666666666666,0.5,0.5,0.3333333333333333,0.3333333333333333,0.6666666666666666,0.4444444444444444
whale-categorization-playground,1,7,"[0.1,0.3)",1,2,32,0.21143499999999998,0.179389375,0.5,0.5625,0.5,0.5,0.0,0.3125,0.5,0.75
whale-categorization-playground,2,2,"[0.0003,0.001)",0,1,0,0.00066,,1.0,,0.5,,1.0,,0.0,
whale-categorization-playground,2,3,"[0.001,0.003)",0,2,0,0.001915,,0.5,,0.5,,0.5,,0.5,
whale-categorization-playground,2,4,"[0.003,0.01)",0,4,0,0.006187499999999999,,0.5,,0.5,,0.5,,0.5,
whale-categorization-playground,2,5,"[0.01,0.03)",0,2,0,0.01791,,0.5,,0.5,,1.0,,1.0,
whale-categorization-playground,2,6,"[0.03,0.1)",0,1,0,0.09902,,1.0,,0.5,,0.0,,1.0,
whale-categorization-playground,2,7,"[0.1,0.3)",0,1,0,0.13488,,0.0,,0.5,,1.0,,0.0,
whale-categorization-playground,3,1,"[0.0001,0.0003)",0,1,0,0.00019,,0.0,,0.5,,1.0,,1.0,
whale-categorization-playground,3,3,"[0.001,0.003)",0,2,4,0.00173,0.0014724999999999999,1.0,0.75,0.5,0.5,0.5,0.25,0.5,0.5
whale-categorization-playground,3,4,"[0.003,0.01)",1,3,9,0.0049499999999999995,0.006001111111111111,0.0,0.3333333333333333,0.5,0.5,0.0,0.3333333333333333,0.6666666666666666,0.3333333333333333
whale-categorization-playground,3,5,"[0.01,0.03)",1,5,61,0.019616,0.019393606557377055,0.2,0.45901639344262296,0.5,0.5,0.4,0.5245901639344263,0.0,0.5737704918032787
whale-categorization-playground,3,6,"[0.03,0.1)",1,3,187,0.07196666666666666,0.061621443850267375,0.0,0.5133689839572193,0.5,0.5,1.0,0.6149732620320856,0.6666666666666666,0.5989304812834224
whale-categorization-playground,3,7,"[0.1,0.3)",1,7,285,0.16320142857142855,0.17660319298245616,0.7142857142857143,0.6912280701754386,0.5,0.5,0.5714285714285714,0.6526315789473685,0.2857142857142857,0.6140350877192983
whale-categorization-playground,4,7,"[0.1,0.3)",1,4,7,0.149275,0.16397285714285717,0.25,0.42857142857142855,0.5,0.5,0.75,0.7142857142857143,0.25,0.7142857142857143
whale-categorization-playground,4,8,"[0.3,inf)",0,1,1,0.31502,0.30433,0.0,0.0,0.5,0.5,1.0,1.0,1.0,1.0
