predictor,task,N,resample,metric,value
value,spaceship-titanic,100,0,spearman,0.3299105957333805
value,spaceship-titanic,100,1,spearman,0.3542406960128479
value,spaceship-titanic,100,2,spearman,0.20800718269072696
value,spaceship-titanic,100,3,spearman,0.33206034471857254
value,spaceship-titanic,100,4,spearman,0.46544594645860465
value,spaceship-titanic,100,5,spearman,0.21630268465711502
value,spaceship-titanic,100,6,spearman,0.32191858774137255
value,spaceship-titanic,100,7,spearman,0.10651373942513181
value,spaceship-titanic,100,8,spearman,0.2646593912416697
value,spaceship-titanic,100,9,spearman,0.026492494846925223
value,spaceship-titanic,100,10,spearman,0.1272777855056336
value,spaceship-titanic,100,11,spearman,0.16478458250610148
value,spaceship-titanic,100,12,spearman,0.3523691498375042
value,spaceship-titanic,100,13,spearman,0.1425789400472945
value,spaceship-titanic,100,14,spearman,0.3171638488094184
value,spaceship-titanic,100,15,spearman,0.3052264191504697
value,spaceship-titanic,100,16,spearman,0.31319313597794607
value,spaceship-titanic,100,17,spearman,0.29220146941665925
value,spaceship-titanic,100,18,spearman,0.18951934141807558
value,spaceship-titanic,100,19,spearman,0.21749136939010352
value,spaceship-titanic,100,20,spearman,0.4241960571074495
value,spaceship-titanic,100,21,spearman,0.17401585756016133
value,spaceship-titanic,100,22,spearman,0.042476510830941214
value,spaceship-titanic,100,23,spearman,0.005981360411740157
value,spaceship-titanic,100,24,spearman,0.27662211206515
value,spaceship-titanic,100,25,spearman,0.36582404936835317
value,spaceship-titanic,100,26,spearman,0.2368391102568318
value,spaceship-titanic,100,27,spearman,0.23944410020359386
value,spaceship-titanic,100,28,spearman,0.2179719015162053
value,spaceship-titanic,100,29,spearman,0.06220361916564448
value,spaceship-titanic,146,0,spearman,0.2892929854955172
value,spaceship-titanic,146,1,spearman,0.3755864388775781
value,spaceship-titanic,146,2,spearman,0.37298144893081603
value,spaceship-titanic,146,3,spearman,0.25406239330289965
value,spaceship-titanic,146,4,spearman,0.46592647858470637
value,spaceship-titanic,146,5,spearman,0.28049166023849564
value,spaceship-titanic,146,6,spearman,0.32970826641712714
value,spaceship-titanic,146,7,spearman,0.30343074646872115
value,spaceship-titanic,146,8,spearman,0.24607038531089162
value,spaceship-titanic,146,9,spearman,0.20636325699616836
value,spaceship-titanic,146,10,spearman,0.2094487790690322
value,spaceship-titanic,146,11,spearman,0.23471465243617143
value,spaceship-titanic,146,12,spearman,0.2780131261143919
value,spaceship-titanic,146,13,spearman,0.2614474133461475
value,spaceship-titanic,146,14,spearman,0.2944270918954463
value,spaceship-titanic,146,15,spearman,0.30552991312484984
value,spaceship-titanic,146,16,spearman,0.28162976264242084
value,spaceship-titanic,146,17,spearman,0.27040048559035895
value,spaceship-titanic,146,18,spearman,0.17280188166264115
value,spaceship-titanic,146,19,spearman,0.1476624641181603
value,spaceship-titanic,146,20,spearman,0.48006423955791044
value,spaceship-titanic,146,21,spearman,0.024848569152366617
value,spaceship-titanic,146,22,spearman,0.08779827767169539
value,spaceship-titanic,146,23,spearman,0.19789071687805865
value,spaceship-titanic,146,24,spearman,0.1560085484136117
value,spaceship-titanic,146,25,spearman,0.27816487310158194
value,spaceship-titanic,146,26,spearman,0.1651133676450132
value,spaceship-titanic,146,27,spearman,0.17818889970788704
value,spaceship-titanic,146,28,spearman,0.3448070916425346
value,spaceship-titanic,146,29,spearman,0.14121321716258423
hack,spaceship-titanic,100,0,auroc,0.6185185185185185
hack,spaceship-titanic,100,1,auroc,0.6538461538461539
hack,spaceship-titanic,100,2,auroc,0.5
hack,spaceship-titanic,100,3,auroc,0.7222222222222222
hack,spaceship-titanic,100,4,auroc,0.5555555555555556
hack,spaceship-titanic,100,5,auroc,0.44755244755244755
hack,spaceship-titanic,100,6,auroc,0.5349794238683128
hack,spaceship-titanic,100,7,auroc,0.6142857142857143
hack,spaceship-titanic,100,8,auroc,0.5076923076923077
hack,spaceship-titanic,100,9,auroc,0.5982142857142857
hack,spaceship-titanic,100,10,auroc,0.6654545454545454
hack,spaceship-titanic,100,11,auroc,0.5694444444444444
hack,spaceship-titanic,100,12,auroc,0.5419354838709678
hack,spaceship-titanic,100,13,auroc,0.5584415584415584
hack,spaceship-titanic,100,14,auroc,0.6307692307692307
hack,spaceship-titanic,100,15,auroc,0.6342857142857142
hack,spaceship-titanic,100,16,auroc,0.6517857142857143
hack,spaceship-titanic,100,17,auroc,0.6770833333333334
hack,spaceship-titanic,100,18,auroc,0.7534722222222222
hack,spaceship-titanic,100,19,auroc,0.6444444444444445
hack,spaceship-titanic,100,20,auroc,0.6153846153846154
hack,spaceship-titanic,100,21,auroc,0.5520833333333334
hack,spaceship-titanic,100,22,auroc,0.6618181818181819
hack,spaceship-titanic,100,23,auroc,0.6094276094276094
hack,spaceship-titanic,100,24,auroc,0.6157635467980296
hack,spaceship-titanic,100,25,auroc,0.7881773399014779
hack,spaceship-titanic,100,26,auroc,0.5846153846153846
hack,spaceship-titanic,100,27,auroc,0.6178571428571429
hack,spaceship-titanic,100,28,auroc,0.6269230769230769
hack,spaceship-titanic,100,29,auroc,0.5467980295566502
hack,spaceship-titanic,134,0,auroc,0.6518518518518519
hack,spaceship-titanic,134,1,auroc,0.7115384615384616
hack,spaceship-titanic,134,2,auroc,0.53125
hack,spaceship-titanic,134,3,auroc,0.7851851851851852
hack,spaceship-titanic,134,4,auroc,0.6150793650793651
hack,spaceship-titanic,134,5,auroc,0.513986013986014
hack,spaceship-titanic,134,6,auroc,0.5061728395061729
hack,spaceship-titanic,134,7,auroc,0.6107142857142858
hack,spaceship-titanic,134,8,auroc,0.6192307692307693
hack,spaceship-titanic,134,9,auroc,0.65625
hack,spaceship-titanic,134,10,auroc,0.6690909090909091
hack,spaceship-titanic,134,11,auroc,0.5694444444444444
hack,spaceship-titanic,134,12,auroc,0.4064516129032258
hack,spaceship-titanic,134,13,auroc,0.4935064935064935
hack,spaceship-titanic,134,14,auroc,0.7169230769230769
hack,spaceship-titanic,134,15,auroc,0.6857142857142857
hack,spaceship-titanic,134,16,auroc,0.5119047619047619
hack,spaceship-titanic,134,17,auroc,0.4965277777777778
hack,spaceship-titanic,134,18,auroc,0.7673611111111112
hack,spaceship-titanic,134,19,auroc,0.7055555555555556
hack,spaceship-titanic,134,20,auroc,0.5618729096989966
hack,spaceship-titanic,134,21,auroc,0.5069444444444444
hack,spaceship-titanic,134,22,auroc,0.64
hack,spaceship-titanic,134,23,auroc,0.5656565656565656
hack,spaceship-titanic,134,24,auroc,0.5467980295566502
hack,spaceship-titanic,134,25,auroc,0.8029556650246306
hack,spaceship-titanic,134,26,auroc,0.5907692307692308
hack,spaceship-titanic,134,27,auroc,0.6178571428571429
hack,spaceship-titanic,134,28,auroc,0.5807692307692308
hack,spaceship-titanic,134,29,auroc,0.5073891625615764
value,tabular-playground-series-dec-2021,100,0,spearman,0.03791208791208791
value,tabular-playground-series-dec-2021,100,1,spearman,-0.30054945054945054
value,tabular-playground-series-dec-2021,100,2,spearman,-0.3033424908424908
value,tabular-playground-series-dec-2021,100,3,spearman,-0.3462912087912087
value,tabular-playground-series-dec-2021,100,4,spearman,0.3158882783882783
value,tabular-playground-series-dec-2021,100,5,spearman,-0.18978937728937725
value,tabular-playground-series-dec-2021,100,6,spearman,-0.007692307692307692
value,tabular-playground-series-dec-2021,100,7,spearman,-0.3128205128205128
value,tabular-playground-series-dec-2021,100,8,spearman,-0.15952380952380948
value,tabular-playground-series-dec-2021,100,9,spearman,0.2817307692307692
value,tabular-playground-series-dec-2021,100,10,spearman,0.18347069597069596
value,tabular-playground-series-dec-2021,100,11,spearman,0.4083791208791208
value,tabular-playground-series-dec-2021,100,12,spearman,-0.1842032967032967
value,tabular-playground-series-dec-2021,100,13,spearman,0.34294871794871795
value,tabular-playground-series-dec-2021,100,14,spearman,-0.1526098901098901
value,tabular-playground-series-dec-2021,100,15,spearman,0.18017399267399264
value,tabular-playground-series-dec-2021,100,16,spearman,-0.1047161172161172
value,tabular-playground-series-dec-2021,100,17,spearman,0.12239010989010987
value,tabular-playground-series-dec-2021,100,18,spearman,-0.2744047619047619
value,tabular-playground-series-dec-2021,100,19,spearman,-0.06932234432234433
value,tabular-playground-series-dec-2021,100,20,spearman,-0.026465201465201465
value,tabular-playground-series-dec-2021,100,21,spearman,0.2981684981684981
value,tabular-playground-series-dec-2021,100,22,spearman,-0.21350732600732597
value,tabular-playground-series-dec-2021,100,23,spearman,0.1252289377289377
value,tabular-playground-series-dec-2021,100,24,spearman,-0.15416666666666665
value,tabular-playground-series-dec-2021,100,25,spearman,0.048580586080586075
value,tabular-playground-series-dec-2021,100,26,spearman,0.061858974358974354
value,tabular-playground-series-dec-2021,100,27,spearman,-0.11236263736263735
value,tabular-playground-series-dec-2021,100,28,spearman,0.04807692307692307
value,tabular-playground-series-dec-2021,100,29,spearman,0.13319597069597067
value,tabular-playground-series-dec-2021,119,0,spearman,0.12499999999999997
value,tabular-playground-series-dec-2021,119,1,spearman,-0.3407509157509157
value,tabular-playground-series-dec-2021,119,2,spearman,-0.2476190476190476
value,tabular-playground-series-dec-2021,119,3,spearman,-0.3332417582417582
value,tabular-playground-series-dec-2021,119,4,spearman,0.24606227106227102
value,tabular-playground-series-dec-2021,119,5,spearman,-0.1590201465201465
value,tabular-playground-series-dec-2021,119,6,spearman,-0.013690476190476189
value,tabular-playground-series-dec-2021,119,7,spearman,-0.2961080586080586
value,tabular-playground-series-dec-2021,119,8,spearman,-0.10004578754578755
value,tabular-playground-series-dec-2021,119,9,spearman,0.3260531135531135
value,tabular-playground-series-dec-2021,119,10,spearman,0.03988095238095237
value,tabular-playground-series-dec-2021,119,11,spearman,0.18246336996336995
value,tabular-playground-series-dec-2021,119,12,spearman,-0.11208791208791206
value,tabular-playground-series-dec-2021,119,13,spearman,0.2708333333333333
value,tabular-playground-series-dec-2021,119,14,spearman,-0.13324175824175824
value,tabular-playground-series-dec-2021,119,15,spearman,-0.02573260073260073
value,tabular-playground-series-dec-2021,119,16,spearman,-0.03681318681318681
value,tabular-playground-series-dec-2021,119,17,spearman,0.09496336996336995
value,tabular-playground-series-dec-2021,119,18,spearman,-0.23086080586080582
value,tabular-playground-series-dec-2021,119,19,spearman,-0.048855311355311355
value,tabular-playground-series-dec-2021,119,20,spearman,-0.11204212454212453
value,tabular-playground-series-dec-2021,119,21,spearman,0.329029304029304
value,tabular-playground-series-dec-2021,119,22,spearman,-0.33177655677655676
value,tabular-playground-series-dec-2021,119,23,spearman,0.11076007326007323
value,tabular-playground-series-dec-2021,119,24,spearman,-0.13305860805860806
value,tabular-playground-series-dec-2021,119,25,spearman,0.06762820512820512
value,tabular-playground-series-dec-2021,119,26,spearman,-0.09532967032967032
value,tabular-playground-series-dec-2021,119,27,spearman,-0.08218864468864467
value,tabular-playground-series-dec-2021,119,28,spearman,0.041391941391941384
value,tabular-playground-series-dec-2021,119,29,spearman,0.10892857142857142
hack,tabular-playground-series-dec-2021,100,0,auroc,0.6428571428571429
hack,tabular-playground-series-dec-2021,100,1,auroc,0.21428571428571427
hack,tabular-playground-series-dec-2021,100,3,auroc,0.8392857142857143
hack,tabular-playground-series-dec-2021,100,5,auroc,0.13333333333333333
hack,tabular-playground-series-dec-2021,100,6,auroc,0.5267857142857143
hack,tabular-playground-series-dec-2021,100,7,auroc,0.95
hack,tabular-playground-series-dec-2021,100,8,auroc,0.5517241379310345
hack,tabular-playground-series-dec-2021,100,9,auroc,0.25925925925925924
hack,tabular-playground-series-dec-2021,100,10,auroc,0.12643678160919541
hack,tabular-playground-series-dec-2021,100,12,auroc,0.47126436781609193
hack,tabular-playground-series-dec-2021,100,13,auroc,0.41379310344827586
hack,tabular-playground-series-dec-2021,100,14,auroc,0.45
hack,tabular-playground-series-dec-2021,100,15,auroc,0.9
hack,tabular-playground-series-dec-2021,100,17,auroc,0.6833333333333333
hack,tabular-playground-series-dec-2021,100,18,auroc,0.47126436781609193
hack,tabular-playground-series-dec-2021,100,20,auroc,0.7586206896551724
hack,tabular-playground-series-dec-2021,100,21,auroc,0.5517241379310345
hack,tabular-playground-series-dec-2021,100,22,auroc,0.38333333333333336
hack,tabular-playground-series-dec-2021,100,23,auroc,0.9833333333333333
hack,tabular-playground-series-dec-2021,100,24,auroc,0.6666666666666666
hack,tabular-playground-series-dec-2021,100,25,auroc,0.5111111111111111
hack,tabular-playground-series-dec-2021,100,26,auroc,0.1724137931034483
hack,tabular-playground-series-dec-2021,100,27,auroc,0.3482142857142857
hack,tabular-playground-series-dec-2021,100,28,auroc,0.5402298850574713
hack,tabular-playground-series-dec-2021,100,29,auroc,0.4732142857142857
hack,tabular-playground-series-dec-2021,119,0,auroc,0.5892857142857143
hack,tabular-playground-series-dec-2021,119,1,auroc,0.3125
hack,tabular-playground-series-dec-2021,119,3,auroc,0.7232142857142857
hack,tabular-playground-series-dec-2021,119,5,auroc,0.2
hack,tabular-playground-series-dec-2021,119,6,auroc,0.45535714285714285
hack,tabular-playground-series-dec-2021,119,7,auroc,0.95
hack,tabular-playground-series-dec-2021,119,8,auroc,0.5287356321839081
hack,tabular-playground-series-dec-2021,119,9,auroc,0.32592592592592595
hack,tabular-playground-series-dec-2021,119,10,auroc,0.13793103448275862
hack,tabular-playground-series-dec-2021,119,12,auroc,0.5632183908045977
hack,tabular-playground-series-dec-2021,119,13,auroc,0.5402298850574713
hack,tabular-playground-series-dec-2021,119,14,auroc,0.36666666666666664
hack,tabular-playground-series-dec-2021,119,15,auroc,0.9
hack,tabular-playground-series-dec-2021,119,17,auroc,0.26666666666666666
hack,tabular-playground-series-dec-2021,119,18,auroc,0.367816091954023
hack,tabular-playground-series-dec-2021,119,20,auroc,0.7586206896551724
hack,tabular-playground-series-dec-2021,119,21,auroc,0.4482758620689655
hack,tabular-playground-series-dec-2021,119,22,auroc,0.4
hack,tabular-playground-series-dec-2021,119,23,auroc,0.9333333333333333
hack,tabular-playground-series-dec-2021,119,24,auroc,0.6781609195402298
hack,tabular-playground-series-dec-2021,119,25,auroc,0.5185185185185185
hack,tabular-playground-series-dec-2021,119,26,auroc,0.2988505747126437
hack,tabular-playground-series-dec-2021,119,27,auroc,0.35714285714285715
hack,tabular-playground-series-dec-2021,119,28,auroc,0.3793103448275862
hack,tabular-playground-series-dec-2021,119,29,auroc,0.5
value,tabular-playground-series-may-2022,100,0,spearman,0.2581842576028623
value,tabular-playground-series-may-2022,100,1,spearman,0.38936717352415035
value,tabular-playground-series-may-2022,100,2,spearman,0.4150827370304115
value,tabular-playground-series-may-2022,100,3,spearman,0.5068313953488374
value,tabular-playground-series-may-2022,100,4,spearman,0.46134279964221836
value,tabular-playground-series-may-2022,100,5,spearman,0.39504695885509844
value,tabular-playground-series-may-2022,100,6,spearman,0.33223949016100185
value,tabular-playground-series-may-2022,100,7,spearman,0.4607334525939178
value,tabular-playground-series-may-2022,100,8,spearman,0.5095203488372094
value,tabular-playground-series-may-2022,100,9,spearman,0.46878913237924874
value,tabular-playground-series-may-2022,100,10,spearman,0.4682915921288015
value,tabular-playground-series-may-2022,100,11,spearman,0.436298076923077
value,tabular-playground-series-may-2022,100,12,spearman,0.3573457066189625
value,tabular-playground-series-may-2022,100,13,spearman,0.5671399821109124
value,tabular-playground-series-may-2022,100,14,spearman,0.4702929338103758
value,tabular-playground-series-may-2022,100,15,spearman,0.6262242844364938
value,tabular-playground-series-may-2022,100,16,spearman,0.5284156976744188
value,tabular-playground-series-may-2022,100,17,spearman,0.4849228533094813
value,tabular-playground-series-may-2022,100,18,spearman,0.45472383720930243
value,tabular-playground-series-may-2022,100,19,spearman,0.38949016100178896
value,tabular-playground-series-may-2022,100,20,spearman,0.48422406082289815
value,tabular-playground-series-may-2022,100,21,spearman,0.4497484347048301
value,tabular-playground-series-may-2022,100,22,spearman,0.44619297853309486
value,tabular-playground-series-may-2022,100,23,spearman,0.4043492844364938
value,tabular-playground-series-may-2022,100,24,spearman,0.43441413237924875
value,tabular-playground-series-may-2022,100,25,spearman,0.5406641323792488
value,tabular-playground-series-may-2022,100,26,spearman,0.49456618962432924
value,tabular-playground-series-may-2022,100,27,spearman,0.32909771914132385
value,tabular-playground-series-may-2022,100,28,spearman,0.5146355098389983
value,tabular-playground-series-may-2022,100,29,spearman,0.542900268336315
value,tabular-playground-series-may-2022,200,0,spearman,0.42446891771019685
value,tabular-playground-series-may-2022,200,1,spearman,0.49789803220035783
value,tabular-playground-series-may-2022,200,2,spearman,0.5221265652951701
value,tabular-playground-series-may-2022,200,3,spearman,0.5147305456171736
value,tabular-playground-series-may-2022,200,4,spearman,0.5800201252236137
value,tabular-playground-series-may-2022,200,5,spearman,0.5283989266547408
value,tabular-playground-series-may-2022,200,6,spearman,0.4561661449016101
value,tabular-playground-series-may-2022,200,7,spearman,0.6072059481216459
value,tabular-playground-series-may-2022,200,8,spearman,0.6359626565295171
value,tabular-playground-series-may-2022,200,9,spearman,0.5335979427549196
value,tabular-playground-series-may-2022,200,10,spearman,0.6143671735241504
value,tabular-playground-series-may-2022,200,11,spearman,0.5773814847942756
value,tabular-playground-series-may-2022,200,12,spearman,0.42551431127012534
value,tabular-playground-series-may-2022,200,13,spearman,0.5716905187835422
value,tabular-playground-series-may-2022,200,14,spearman,0.5572674418604652
value,tabular-playground-series-may-2022,200,15,spearman,0.5728868515205725
value,tabular-playground-series-may-2022,200,16,spearman,0.4748155187835421
value,tabular-playground-series-may-2022,200,17,spearman,0.533391100178891
value,tabular-playground-series-may-2022,200,18,spearman,0.631971153846154
value,tabular-playground-series-may-2022,200,19,spearman,0.5932915921288016
value,tabular-playground-series-may-2022,200,20,spearman,0.5472439624329161
value,tabular-playground-series-may-2022,200,21,spearman,0.5957681127012523
value,tabular-playground-series-may-2022,200,22,spearman,0.6508385509839
value,tabular-playground-series-may-2022,200,23,spearman,0.4628074686940966
value,tabular-playground-series-may-2022,200,24,spearman,0.6098166368515207
value,tabular-playground-series-may-2022,200,25,spearman,0.5186158318425761
value,tabular-playground-series-may-2022,200,26,spearman,0.49241949910554567
value,tabular-playground-series-may-2022,200,27,spearman,0.5256149373881933
value,tabular-playground-series-may-2022,200,28,spearman,0.5786057692307693
value,tabular-playground-series-may-2022,200,29,spearman,0.5973445885509839
value,tabular-playground-series-may-2022,240,0,spearman,0.4804449910554563
value,tabular-playground-series-may-2022,240,1,spearman,0.5187444096601075
value,tabular-playground-series-may-2022,240,2,spearman,0.5519677996422183
value,tabular-playground-series-may-2022,240,3,spearman,0.6046958855098391
value,tabular-playground-series-may-2022,240,4,spearman,0.5891156082289805
value,tabular-playground-series-may-2022,240,5,spearman,0.5389367173524151
value,tabular-playground-series-may-2022,240,6,spearman,0.4741334973166369
value,tabular-playground-series-may-2022,240,7,spearman,0.6142721377459751
value,tabular-playground-series-may-2022,240,8,spearman,0.6180567978533096
value,tabular-playground-series-may-2022,240,9,spearman,0.5514367173524152
value,tabular-playground-series-may-2022,240,10,spearman,0.6027057245080502
value,tabular-playground-series-may-2022,240,11,spearman,0.561314847942755
value,tabular-playground-series-may-2022,240,12,spearman,0.43740496422182473
value,tabular-playground-series-may-2022,240,13,spearman,0.6060822898032202
value,tabular-playground-series-may-2022,240,14,spearman,0.5461650268336316
value,tabular-playground-series-may-2022,240,15,spearman,0.5324966457960645
value,tabular-playground-series-may-2022,240,16,spearman,0.5238875223613597
value,tabular-playground-series-may-2022,240,17,spearman,0.5399038461538462
value,tabular-playground-series-may-2022,240,18,spearman,0.6723557692307693
value,tabular-playground-series-may-2022,240,19,spearman,0.5950637298747765
value,tabular-playground-series-may-2022,240,20,spearman,0.6300089445438284
value,tabular-playground-series-may-2022,240,21,spearman,0.6560152057245081
value,tabular-playground-series-may-2022,240,22,spearman,0.6423021019677998
value,tabular-playground-series-may-2022,240,23,spearman,0.49271019677996425
value,tabular-playground-series-may-2022,240,24,spearman,0.6198736583184259
value,tabular-playground-series-may-2022,240,25,spearman,0.5416648032200359
value,tabular-playground-series-may-2022,240,26,spearman,0.5679058586762077
value,tabular-playground-series-may-2022,240,27,spearman,0.5838830500894455
value,tabular-playground-series-may-2022,240,28,spearman,0.5573457066189625
value,tabular-playground-series-may-2022,240,29,spearman,0.5536169499105547
hack,tabular-playground-series-may-2022,100,0,auroc,0.6818181818181818
hack,tabular-playground-series-may-2022,100,1,auroc,0.8097643097643098
hack,tabular-playground-series-may-2022,100,2,auroc,0.8380503144654088
hack,tabular-playground-series-may-2022,100,3,auroc,0.8254545454545454
hack,tabular-playground-series-may-2022,100,4,auroc,0.8053221288515406
hack,tabular-playground-series-may-2022,100,5,auroc,0.8284023668639053
hack,tabular-playground-series-may-2022,100,6,auroc,0.8585434173669467
hack,tabular-playground-series-may-2022,100,7,auroc,0.9336734693877551
hack,tabular-playground-series-may-2022,100,8,auroc,0.8091715976331361
hack,tabular-playground-series-may-2022,100,9,auroc,0.8537735849056604
hack,tabular-playground-series-may-2022,100,10,auroc,0.8254437869822485
hack,tabular-playground-series-may-2022,100,11,auroc,0.606508875739645
hack,tabular-playground-series-may-2022,100,12,auroc,0.7703081232492998
hack,tabular-playground-series-may-2022,100,13,auroc,0.6745454545454546
hack,tabular-playground-series-may-2022,100,14,auroc,0.7811447811447811
hack,tabular-playground-series-may-2022,100,15,auroc,0.7924528301886793
hack,tabular-playground-series-may-2022,100,16,auroc,0.7940251572327044
hack,tabular-playground-series-may-2022,100,17,auroc,0.7144970414201184
hack,tabular-playground-series-may-2022,100,18,auroc,0.8148148148148148
hack,tabular-playground-series-may-2022,100,19,auroc,0.7361111111111112
hack,tabular-playground-series-may-2022,100,20,auroc,0.7899408284023669
hack,tabular-playground-series-may-2022,100,21,auroc,0.9583333333333334
hack,tabular-playground-series-may-2022,100,22,auroc,0.8357843137254902
hack,tabular-playground-series-may-2022,100,23,auroc,0.8710691823899371
hack,tabular-playground-series-may-2022,100,24,auroc,0.7840236686390533
hack,tabular-playground-series-may-2022,100,25,auroc,0.8090909090909091
hack,tabular-playground-series-may-2022,100,26,auroc,0.878698224852071
hack,tabular-playground-series-may-2022,100,27,auroc,0.7337278106508875
hack,tabular-playground-series-may-2022,100,28,auroc,0.7956349206349206
hack,tabular-playground-series-may-2022,100,29,auroc,0.884180790960452
hack,tabular-playground-series-may-2022,200,0,auroc,0.8218181818181818
hack,tabular-playground-series-may-2022,200,1,auroc,0.8265993265993266
hack,tabular-playground-series-may-2022,200,2,auroc,0.8789308176100629
hack,tabular-playground-series-may-2022,200,3,auroc,0.8909090909090909
hack,tabular-playground-series-may-2022,200,4,auroc,0.8515406162464986
hack,tabular-playground-series-may-2022,200,5,auroc,0.8727810650887574
hack,tabular-playground-series-may-2022,200,6,auroc,0.7703081232492998
hack,tabular-playground-series-may-2022,200,7,auroc,0.8469387755102041
hack,tabular-playground-series-may-2022,200,8,auroc,0.900887573964497
hack,tabular-playground-series-may-2022,200,9,auroc,0.9355345911949685
hack,tabular-playground-series-may-2022,200,10,auroc,0.7707100591715976
hack,tabular-playground-series-may-2022,200,11,auroc,0.7810650887573964
hack,tabular-playground-series-may-2022,200,12,auroc,0.9159663865546218
hack,tabular-playground-series-may-2022,200,13,auroc,0.7727272727272727
hack,tabular-playground-series-may-2022,200,14,auroc,0.6801346801346801
hack,tabular-playground-series-may-2022,200,15,auroc,0.8160377358490566
hack,tabular-playground-series-may-2022,200,16,auroc,0.85062893081761
hack,tabular-playground-series-may-2022,200,17,auroc,0.8165680473372781
hack,tabular-playground-series-may-2022,200,18,auroc,0.8080808080808081
hack,tabular-playground-series-may-2022,200,19,auroc,0.8809523809523809
hack,tabular-playground-series-may-2022,200,20,auroc,0.8461538461538461
hack,tabular-playground-series-may-2022,200,21,auroc,0.8452380952380952
hack,tabular-playground-series-may-2022,200,22,auroc,0.8651960784313726
hack,tabular-playground-series-may-2022,200,23,auroc,0.89937106918239
hack,tabular-playground-series-may-2022,200,24,auroc,0.8446745562130178
hack,tabular-playground-series-may-2022,200,25,auroc,0.8090909090909091
hack,tabular-playground-series-may-2022,200,26,auroc,0.8831360946745562
hack,tabular-playground-series-may-2022,200,27,auroc,0.8357988165680473
hack,tabular-playground-series-may-2022,200,28,auroc,0.8591269841269841
hack,tabular-playground-series-may-2022,200,29,auroc,0.8135593220338984
hack,tabular-playground-series-may-2022,240,0,auroc,0.8363636363636363
hack,tabular-playground-series-may-2022,240,1,auroc,0.8383838383838383
hack,tabular-playground-series-may-2022,240,2,auroc,0.9072327044025157
hack,tabular-playground-series-may-2022,240,3,auroc,0.9054545454545454
hack,tabular-playground-series-may-2022,240,4,auroc,0.8837535014005602
hack,tabular-playground-series-may-2022,240,5,auroc,0.8875739644970414
hack,tabular-playground-series-may-2022,240,6,auroc,0.7955182072829131
hack,tabular-playground-series-may-2022,240,7,auroc,0.8762755102040817
hack,tabular-playground-series-may-2022,240,8,auroc,0.8431952662721893
hack,tabular-playground-series-may-2022,240,9,auroc,0.9323899371069182
hack,tabular-playground-series-may-2022,240,10,auroc,0.7618343195266272
hack,tabular-playground-series-may-2022,240,11,auroc,0.8017751479289941
hack,tabular-playground-series-may-2022,240,12,auroc,0.8487394957983193
hack,tabular-playground-series-may-2022,240,13,auroc,0.7272727272727273
hack,tabular-playground-series-may-2022,240,14,auroc,0.7070707070707071
hack,tabular-playground-series-may-2022,240,15,auroc,0.9072327044025157
hack,tabular-playground-series-may-2022,240,16,auroc,0.8569182389937107
hack,tabular-playground-series-may-2022,240,17,auroc,0.7988165680473372
hack,tabular-playground-series-may-2022,240,18,auroc,0.8063973063973064
hack,tabular-playground-series-may-2022,240,19,auroc,0.9047619047619048
hack,tabular-playground-series-may-2022,240,20,auroc,0.8653846153846154
hack,tabular-playground-series-may-2022,240,21,auroc,0.8849206349206349
hack,tabular-playground-series-may-2022,240,22,auroc,0.8811274509803921
hack,tabular-playground-series-may-2022,240,23,auroc,0.9213836477987422
hack,tabular-playground-series-may-2022,240,24,auroc,0.8284023668639053
hack,tabular-playground-series-may-2022,240,25,auroc,0.8072727272727273
hack,tabular-playground-series-may-2022,240,26,auroc,0.871301775147929
hack,tabular-playground-series-may-2022,240,27,auroc,0.8313609467455622
hack,tabular-playground-series-may-2022,240,28,auroc,0.8908730158730159
hack,tabular-playground-series-may-2022,240,29,auroc,0.8502824858757062
buggy,ALL,100,0,auroc,0.540228272055384
buggy,ALL,100,1,auroc,0.5373018756921373
buggy,ALL,100,2,auroc,0.5603665814151748
buggy,ALL,100,3,auroc,0.5421171791604972
buggy,ALL,100,4,auroc,0.5187718439515333
buggy,ALL,100,5,auroc,0.5897094791115812
buggy,ALL,100,6,auroc,0.6122250807102502
buggy,ALL,100,7,auroc,0.6403188453565326
buggy,ALL,100,8,auroc,0.5848583966335974
buggy,ALL,100,9,auroc,0.5971142750475156
buggy,ALL,100,10,auroc,0.5184904399671053
buggy,ALL,100,11,auroc,0.5259068885611965
buggy,ALL,100,12,auroc,0.5649685534591194
buggy,ALL,100,13,auroc,0.517864077669903
buggy,ALL,100,14,auroc,0.5937644828312618
buggy,ALL,100,15,auroc,0.513483493264517
buggy,ALL,100,16,auroc,0.611606700366736
buggy,ALL,100,17,auroc,0.5222527965544057
buggy,ALL,100,18,auroc,0.5665832044368864
buggy,ALL,100,19,auroc,0.5661055627806542
buggy,ALL,100,20,auroc,0.5538410031653275
buggy,ALL,100,21,auroc,0.5718173971748177
buggy,ALL,100,22,auroc,0.5721787353078301
buggy,ALL,100,23,auroc,0.5392300773825686
buggy,ALL,100,24,auroc,0.5223930677538147
buggy,ALL,100,25,auroc,0.5228881506090809
buggy,ALL,100,26,auroc,0.5094417526859069
buggy,ALL,100,27,auroc,0.5587641196013289
buggy,ALL,100,28,auroc,0.6000666088221632
buggy,ALL,100,29,auroc,0.5840384615384615
buggy,ALL,200,0,auroc,0.6052653960316042
buggy,ALL,200,1,auroc,0.542311219545958
buggy,ALL,200,2,auroc,0.586308610400682
buggy,ALL,200,3,auroc,0.5794953686167832
buggy,ALL,200,4,auroc,0.6051944594722244
buggy,ALL,200,5,auroc,0.5969229243786356
buggy,ALL,200,6,auroc,0.5570730764057035
buggy,ALL,200,7,auroc,0.5444917643181167
buggy,ALL,200,8,auroc,0.5299290856828769
buggy,ALL,200,9,auroc,0.6259375848493076
buggy,ALL,200,10,auroc,0.5900364925986842
buggy,ALL,200,11,auroc,0.6024352222456288
buggy,ALL,200,12,auroc,0.5525247079964061
buggy,ALL,200,13,auroc,0.5420107874865157
buggy,ALL,200,14,auroc,0.5789509163682326
buggy,ALL,200,15,auroc,0.5940837989293379
buggy,ALL,200,16,auroc,0.6016949152542372
buggy,ALL,200,17,auroc,0.5861654944923474
buggy,ALL,200,18,auroc,0.550619984788795
buggy,ALL,200,19,auroc,0.5278997865187839
buggy,ALL,200,20,auroc,0.5785288183936833
buggy,ALL,200,21,auroc,0.555298712174946
buggy,ALL,200,22,auroc,0.5493910468758946
buggy,ALL,200,23,auroc,0.6003046090143904
buggy,ALL,200,24,auroc,0.517544521898147
buggy,ALL,200,25,auroc,0.5408992248062016
buggy,ALL,200,26,auroc,0.5836781124921002
buggy,ALL,200,27,auroc,0.6064894795127354
buggy,ALL,200,28,auroc,0.5295839577910411
buggy,ALL,200,29,auroc,0.5419143356643357
buggy,ALL,300,0,auroc,0.5658110717049813
buggy,ALL,300,1,auroc,0.5416536890919158
buggy,ALL,300,2,auroc,0.600460358056266
buggy,ALL,300,3,auroc,0.5518448056196412
buggy,ALL,300,4,auroc,0.5660020094288585
buggy,ALL,300,5,auroc,0.58085173188789
buggy,ALL,300,6,auroc,0.5734925679311272
buggy,ALL,300,7,auroc,0.5736961254564537
buggy,ALL,300,8,auroc,0.5642959478820317
buggy,ALL,300,9,auroc,0.5733649538419766
buggy,ALL,300,10,auroc,0.5725354646381579
buggy,ALL,300,11,auroc,0.5742489993680219
buggy,ALL,300,12,auroc,0.5901347708894878
buggy,ALL,300,13,auroc,0.6115253505933118
buggy,ALL,300,14,auroc,0.5438129344849378
buggy,ALL,300,15,auroc,0.5724450680229499
buggy,ALL,300,16,auroc,0.5990998296975103
buggy,ALL,300,17,auroc,0.5535554055324349
buggy,ALL,300,18,auroc,0.5497568770883361
buggy,ALL,300,19,auroc,0.5884842833656418
buggy,ALL,300,20,auroc,0.5937554349716512
buggy,ALL,300,21,auroc,0.5787051675368957
buggy,ALL,300,22,auroc,0.5793438519863569
buggy,ALL,300,23,auroc,0.58902813603041
buggy,ALL,300,24,auroc,0.6072510087156386
buggy,ALL,300,25,auroc,0.643171650055371
buggy,ALL,300,26,auroc,0.5867453128291552
buggy,ALL,300,27,auroc,0.5434462901439646
buggy,ALL,300,28,auroc,0.5556578059404552
buggy,ALL,300,29,auroc,0.5559877622377623
buggy,ALL,450,0,auroc,0.588196021398379
buggy,ALL,450,1,auroc,0.5770046027131783
buggy,ALL,450,2,auroc,0.6247826086956522
buggy,ALL,450,3,auroc,0.6226240487586515
buggy,ALL,450,4,auroc,0.6258555100428507
buggy,ALL,450,5,auroc,0.6202406134320465
buggy,ALL,450,6,auroc,0.5509357344632768
buggy,ALL,450,7,auroc,0.614531923567321
buggy,ALL,450,8,auroc,0.5660800692022815
buggy,ALL,450,9,auroc,0.6291703434699973
buggy,ALL,450,10,auroc,0.5714818050986842
buggy,ALL,450,11,auroc,0.5363555930061091
buggy,ALL,450,12,auroc,0.6053279424977538
buggy,ALL,450,13,auroc,0.5766947141316073
buggy,ALL,450,14,auroc,0.5867116073309459
buggy,ALL,450,15,auroc,0.609058034558498
buggy,ALL,450,16,auroc,0.5811775200713648
buggy,ALL,450,17,auroc,0.574440902759381
buggy,ALL,450,18,auroc,0.6136781206470744
buggy,ALL,450,19,auroc,0.5653857793700259
buggy,ALL,450,20,auroc,0.589050923510383
buggy,ALL,450,21,auroc,0.6134345704543707
buggy,ALL,450,22,auroc,0.6299904301523814
buggy,ALL,450,23,auroc,0.549539268259571
buggy,ALL,450,24,auroc,0.5934687235238358
buggy,ALL,450,25,auroc,0.6126157253599114
buggy,ALL,450,26,auroc,0.5595786812723825
buggy,ALL,450,27,auroc,0.5576478405315615
buggy,ALL,450,28,auroc,0.5608813398890438
buggy,ALL,450,29,auroc,0.5638286713286713
buggy,ALL,600,0,auroc,0.5875836671514472
buggy,ALL,600,1,auroc,0.598780973145072
buggy,ALL,600,2,auroc,0.6137766410912191
buggy,ALL,600,3,auroc,0.6005087634723322
buggy,ALL,600,4,auroc,0.6364264798069574
buggy,ALL,600,5,auroc,0.5837437202538339
buggy,ALL,600,6,auroc,0.5652449892386333
buggy,ALL,600,7,auroc,0.554431829023948
buggy,ALL,600,8,auroc,0.597563503005073
buggy,ALL,600,9,auroc,0.5671879242465382
buggy,ALL,600,10,auroc,0.5873637952302632
buggy,ALL,600,11,auroc,0.6144428059827259
buggy,ALL,600,12,auroc,0.6359299191374663
buggy,ALL,600,13,auroc,0.5573894282632147
buggy,ALL,600,14,auroc,0.627149778807668
buggy,ALL,600,15,auroc,0.5994955695303953
buggy,ALL,600,16,auroc,0.6104623397219294
buggy,ALL,600,17,auroc,0.6148360522650168
buggy,ALL,600,18,auroc,0.5608063647783693
buggy,ALL,600,19,auroc,0.5742358435779779
buggy,ALL,600,20,auroc,0.5867551914849212
buggy,ALL,600,21,auroc,0.6151436946136952
buggy,ALL,600,22,auroc,0.6046344236416133
buggy,ALL,600,23,auroc,0.6001179405376053
buggy,ALL,600,24,auroc,0.6321648170051422
buggy,ALL,600,25,auroc,0.5674241417497231
buggy,ALL,600,26,auroc,0.5667916578891932
buggy,ALL,600,27,auroc,0.614905869324474
buggy,ALL,600,28,auroc,0.5696982445069633
buggy,ALL,600,29,auroc,0.5847902097902098
buggy,ALL,800,0,auroc,0.5964883184922478
buggy,ALL,800,1,auroc,0.6010823297342193
buggy,ALL,800,2,auroc,0.6147058823529412
buggy,ALL,800,3,auroc,0.5903679281016494
buggy,ALL,800,4,auroc,0.6089814600132244
buggy,ALL,800,5,auroc,0.6066152168164992
buggy,ALL,800,6,auroc,0.5796215025558246
buggy,ALL,800,7,auroc,0.561500897728357
buggy,ALL,800,8,auroc,0.6024473098514134
buggy,ALL,800,9,auroc,0.5927360507738257
buggy,ALL,800,10,auroc,0.5460654810855263
buggy,ALL,800,11,auroc,0.5884390141141774
buggy,ALL,800,12,auroc,0.5775831087151841
buggy,ALL,800,13,auroc,0.5604789644012945
buggy,ALL,800,14,auroc,0.6291004845165368
buggy,ALL,800,15,auroc,0.6306508322267599
buggy,ALL,800,16,auroc,0.6043981293758278
buggy,ALL,800,17,auroc,0.6260820892333724
buggy,ALL,800,18,auroc,0.5929293533528743
buggy,ALL,800,19,auroc,0.5471458133961508
buggy,ALL,800,20,auroc,0.6423397335559498
buggy,ALL,800,21,auroc,0.5756971090164845
buggy,ALL,800,22,auroc,0.6017143932144055
buggy,ALL,800,23,auroc,0.5810438161824599
buggy,ALL,800,24,auroc,0.5655686136346478
buggy,ALL,800,25,auroc,0.6383698781838316
buggy,ALL,800,26,auroc,0.631523067200337
buggy,ALL,800,27,auroc,0.559703211517165
buggy,ALL,800,28,auroc,0.5690759778788596
buggy,ALL,800,29,auroc,0.5872202797202797
buggy,ALL,1000,0,auroc,0.6091691543557948
buggy,ALL,1000,1,auroc,0.5694083956256921
buggy,ALL,1000,2,auroc,0.6148934356351237
buggy,ALL,1000,3,auroc,0.6394709204228505
buggy,ALL,1000,4,auroc,0.5643704218941873
buggy,ALL,1000,5,auroc,0.6158447911158117
buggy,ALL,1000,6,auroc,0.5967388014527845
buggy,ALL,1000,7,auroc,0.58070447823334
buggy,ALL,1000,8,auroc,0.578469800592905
buggy,ALL,1000,9,auroc,0.5569805525386913
buggy,ALL,1000,10,auroc,0.5779922217653509
buggy,ALL,1000,11,auroc,0.5766420897408889
buggy,ALL,1000,12,auroc,0.587026055705301
buggy,ALL,1000,13,auroc,0.6143991370010787
buggy,ALL,1000,14,auroc,0.6321339793553823
buggy,ALL,1000,15,auroc,0.63138576403678
buggy,ALL,1000,16,auroc,0.6483794231341065
buggy,ALL,1000,17,auroc,0.5802946530050676
buggy,ALL,1000,18,auroc,0.5658055529443936
buggy,ALL,1000,19,auroc,0.5850407740943407
buggy,ALL,1000,20,auroc,0.6216433615082264
buggy,ALL,1000,21,auroc,0.5963433288611251
buggy,ALL,1000,22,auroc,0.5937722376266777
buggy,ALL,1000,23,auroc,0.5939324260114037
buggy,ALL,1000,24,auroc,0.5670114335086527
buggy,ALL,1000,25,auroc,0.6198626799557032
buggy,ALL,1000,26,auroc,0.6152011796924374
buggy,ALL,1000,27,auroc,0.638250276854928
buggy,ALL,1000,28,auroc,0.5538874135619067
buggy,ALL,1000,29,auroc,0.6237325174825175
buggy,ALL,1500,0,auroc,0.6135832078857619
buggy,ALL,1500,1,auroc,0.6039893064784053
buggy,ALL,1500,2,auroc,0.5985763000852515
buggy,ALL,1500,3,auroc,0.6020410798526221
buggy,ALL,1500,4,auroc,0.6139535083425647
buggy,ALL,1500,5,auroc,0.6241902432575357
buggy,ALL,1500,6,auroc,0.5875832324455206
buggy,ALL,1500,7,auroc,0.5716491313285512
buggy,ALL,1500,8,auroc,0.5837140359887907
buggy,ALL,1500,9,auroc,0.5988282310616345
buggy,ALL,1500,10,auroc,0.597643400493421
buggy,ALL,1500,11,auroc,0.604710343374763
buggy,ALL,1500,12,auroc,0.6154177897574123
buggy,ALL,1500,13,auroc,0.598606256742179
buggy,ALL,1500,14,auroc,0.6451358752896567
buggy,ALL,1500,15,auroc,0.6478131602902981
buggy,ALL,1500,16,auroc,0.5968922048315447
buggy,ALL,1500,17,auroc,0.5984370059562977
buggy,ALL,1500,18,auroc,0.6028764559601433
buggy,ALL,1500,19,auroc,0.6121553423469847
buggy,ALL,1500,20,auroc,0.6238260461233435
buggy,ALL,1500,21,auroc,0.6142891325340329
buggy,ALL,1500,22,auroc,0.5872369314324508
buggy,ALL,1500,23,auroc,0.6383170988324736
buggy,ALL,1500,24,auroc,0.6268045734034611
buggy,ALL,1500,25,auroc,0.6384407530454043
buggy,ALL,1500,26,auroc,0.6071624183694965
buggy,ALL,1500,27,auroc,0.6450542635658915
buggy,ALL,1500,28,auroc,0.5857895336506017
buggy,ALL,1500,29,auroc,0.6059353146853147
buggy,ALL,2000,0,auroc,0.6141785522925012
buggy,ALL,2000,1,auroc,0.6138609150055371
buggy,ALL,2000,2,auroc,0.6085421994884911
buggy,ALL,2000,3,auroc,0.6226240487586515
buggy,ALL,2000,4,auroc,0.5986938712419816
buggy,ALL,2000,5,auroc,0.6213891459545214
buggy,ALL,2000,6,auroc,0.6215151668011838
buggy,ALL,2000,7,auroc,0.5898378884735148
buggy,ALL,2000,8,auroc,0.5965813352075617
buggy,ALL,2000,9,auroc,0.6209145058376324
buggy,ALL,2000,10,auroc,0.5883831894188597
buggy,ALL,2000,11,auroc,0.6245713081946492
buggy,ALL,2000,12,auroc,0.6237466307277628
buggy,ALL,2000,13,auroc,0.5751067961165048
buggy,ALL,2000,14,auroc,0.5983273646513587
buggy,ALL,2000,15,auroc,0.647871620775186
buggy,ALL,2000,16,auroc,0.6212842069220303
buggy,ALL,2000,17,auroc,0.5978302668797375
buggy,ALL,2000,18,auroc,0.5897076543125476
buggy,ALL,2000,19,auroc,0.6085564252938434
buggy,ALL,2000,20,auroc,0.657627221816411
buggy,ALL,2000,21,auroc,0.6208008955810594
buggy,ALL,2000,22,auroc,0.6330331509336736
buggy,ALL,2000,23,auroc,0.630918239207168
buggy,ALL,2000,24,auroc,0.6118311229668403
buggy,ALL,2000,25,auroc,0.6035260243632337
buggy,ALL,2000,26,auroc,0.5790436064883084
buggy,ALL,2000,27,auroc,0.6235083056478405
buggy,ALL,2000,28,auroc,0.6014776641337786
buggy,ALL,2000,29,auroc,0.5893356643356643
buggy,ALL,2223,0,auroc,0.6174274317692785
buggy,ALL,2223,1,auroc,0.5838481104651163
buggy,ALL,2223,2,auroc,0.6058908780903666
buggy,ALL,2223,3,auroc,0.6327648841293344
buggy,ALL,2223,4,auroc,0.6110595872942267
buggy,ALL,2223,5,auroc,0.6189764013749339
buggy,ALL,2223,6,auroc,0.621809422921711
buggy,ALL,2223,7,auroc,0.5946951626753172
buggy,ALL,2223,8,auroc,0.6008884563746294
buggy,ALL,2223,9,auroc,0.6065325481944067
buggy,ALL,2223,10,auroc,0.5790201822916666
buggy,ALL,2223,11,auroc,0.618141984411207
buggy,ALL,2223,12,auroc,0.6196406109613657
buggy,ALL,2223,13,auroc,0.5859805825242719
buggy,ALL,2223,14,auroc,0.6010322308826628
buggy,ALL,2223,15,auroc,0.6389271665873274
buggy,ALL,2223,16,auroc,0.6239874210436208
buggy,ALL,2223,17,auroc,0.5892248267375384
buggy,ALL,2223,18,auroc,0.5894512856886489
buggy,ALL,2223,19,auroc,0.6115500699335018
buggy,ALL,2223,20,auroc,0.6593664127447911
buggy,ALL,2223,21,auroc,0.6309958211914305
buggy,ALL,2223,22,auroc,0.6176150631037388
buggy,ALL,2223,23,auroc,0.6376892139560141
buggy,ALL,2223,24,auroc,0.6411656642423937
buggy,ALL,2223,25,auroc,0.6169745293466223
buggy,ALL,2223,26,auroc,0.5812513166210238
buggy,ALL,2223,27,auroc,0.6420420819490587
buggy,ALL,2223,28,auroc,0.6081560749875109
buggy,ALL,2223,29,auroc,0.5766258741258741
